Employee_ID,Attrition_rate
EID_22713,0.23104293814928106
EID_9658,0.19629073373549627
EID_22203,0.16815455608996716
EID_7652,0.18991413804277762
EID_6516,0.23420090870450366
EID_20283,0.18660846866812902
EID_21014,0.20915072306427715
EID_7693,0.18476262967191107
EID_13232,0.19942414675063824
EID_6515,0.24281623970293037
EID_13639,0.183547561284511
EID_14669,0.20525622373462016
EID_16537,0.18594789212823126
EID_5782,0.2318926143957932
EID_20157,0.19649789142224064
EID_1855,0.2225087217330841
EID_20748,0.20735920557377596
EID_23179,0.1635696212693497
EID_12838,0.1782121633335863
EID_21656,0.15694860188905177
EID_8844,0.1777673916979149
EID_1536,0.20304564022213767
EID_8822,0.20608881256016062
EID_11398,0.20654615446306154
EID_12965,0.18965297468303918
EID_5204,0.20782053207228368
EID_10030,0.23240432133053174
EID_13227,0.19266834983644648
EID_20607,0.17039306223442274
EID_14070,0.19033172024538242
EID_3755,0.17190763669365094
EID_5459,0.18507989529135555
EID_7697,0.1959953572836791
EID_3935,0.15499483890546184
EID_19046,0.20581995971917583
EID_4040,0.1955165860193137
EID_17730,0.1648966226341439
EID_4995,0.16432108929897538
EID_24653,0.17284668669390565
EID_6978,0.16401825595889613
EID_13775,0.18039399739202278
EID_14608,0.23438087363966864
EID_3148,0.1720357688964974
EID_24868,0.21833899660783374
EID_5521,0.1679857102097952
EID_21155,0.1936400470952105
EID_3840,0.2108678309335893
EID_10646,0.19475717719750926
EID_6711,0.17703831689898794
EID_16247,0.1657897222533363
EID_16789,0.1866505515435869
EID_17967,0.1860695306632613
EID_13270,0.20438053054618582
EID_18462,0.18003435131306145
EID_22248,0.18917242936968137
EID_22693,0.1898302187388387
EID_25662,0.19293626276279455
EID_23346,0.16527288517679292
EID_4437,0.14619514004508016
EID_18108,0.20416087583097864
EID_7000,0.17158021995101072
EID_22770,0.20041222598851594
EID_7816,0.19058291839313685
EID_19615,0.18044692848684543
EID_23807,0.19647335589025272
EID_16764,0.20626657240366034
EID_16818,0.18202929913498797
EID_22712,0.16522211434991635
EID_18198,0.1523375576135089
EID_11154,0.19865163870886426
EID_22137,0.22480578014530894
EID_11655,0.15732139108861243
EID_18514,0.1817089202268883
EID_24742,0.18560938153020437
EID_16019,0.23603880911830302
EID_7357,0.22805759044452356
EID_20106,0.1841584173871947
EID_13284,0.22278724888642332
EID_5451,0.1758688384097791
EID_19728,0.2114346861492135
EID_9178,0.1973632758223057
EID_13177,0.15213983211190787
EID_14300,0.19434041122313192
EID_4379,0.19569767659982606
EID_11285,0.19291644382001738
EID_14882,0.18622389124299432
EID_9969,0.1651810668799174
EID_23643,0.19024412532129126
EID_5935,0.19887780867422156
EID_7741,0.18100765853010906
EID_6176,0.21661873872363616
EID_5418,0.2120699015503642
EID_20626,0.251047477583055
EID_1725,0.18166538755733355
EID_14317,0.19471623526322213
EID_12120,0.19776878576063522
EID_20264,0.1674118554337197
EID_16691,0.13830865720639396
EID_1093,0.17282049318384465
EID_2565,0.18464219113119706
EID_11463,0.19845149019200353
EID_12005,0.1770727978258887
EID_10326,0.2059687848194361
EID_12582,0.20236149725971406
EID_18228,0.18319941841691956
EID_11670,0.27424413212174087
EID_24257,0.17628935221274544
EID_7024,0.1828480238637307
EID_10382,0.20698679005274717
EID_20210,0.2082450318871275
EID_10294,0.17158620405229638
EID_19941,0.20547577961461871
EID_25572,0.18407989381876094
EID_7758,0.17642930386728056
EID_22718,0.20899422723972516
EID_1078,0.19011758719407276
EID_8227,0.19297356022155218
EID_1702,0.22981005712193853
EID_3532,0.1875189411610446
EID_22452,0.18818617200220317
EID_3019,0.16678299877413694
EID_22264,0.20710844212641027
EID_9866,0.22221185762369083
EID_3520,0.1922709853074213
EID_21098,0.19292026732753714
EID_1186,0.16278484457610182
EID_12355,0.20611722950982506
EID_11020,0.14664930967339657
EID_19193,0.13631253244391883
EID_17787,0.17788094851827163
EID_13719,0.21304488062612792
EID_24449,0.17545343764704546
EID_12957,0.17605962673501097
EID_24794,0.1911660440036158
EID_2866,0.2052886428627461
EID_10563,0.17739225098357025
EID_22492,0.20248582994487072
EID_4106,0.16163519784881647
EID_6648,0.18249159097493428
EID_7209,0.18775228829265128
EID_9692,0.20193514944481955
EID_22763,0.17710141319262757
EID_12622,0.1784615859789613
EID_9831,0.16085258322222684
EID_5731,0.1855524512764825
EID_1114,0.16753657347097356
EID_25017,0.20947335718570642
EID_22956,0.17061933456257275
EID_5549,0.21217286295419852
EID_12022,0.29749199325709325
EID_8034,0.19594060677414055
EID_20644,0.16565165327712966
EID_20125,0.17925321760876484
EID_21957,0.1877407508365965
EID_8870,0.1716322826309094
EID_2305,0.2039551732998864
EID_3977,0.16037308493632096
EID_14845,0.18448256231769816
EID_6629,0.22425457424830786
EID_14577,0.1957497979682199
EID_24509,0.18303700996486694
EID_1530,0.1493847422958941
EID_21524,0.1853538261726659
EID_6647,0.18360247736911506
EID_19730,0.21270344724214735
EID_4424,0.172285007176529
EID_7964,0.21696577404033573
EID_6289,0.21486815808357967
EID_2899,0.19088178461344674
EID_2827,0.2096327252526705
EID_8801,0.17555156684809514
EID_20454,0.19683849308361662
EID_18988,0.17452796707807147
EID_8405,0.2108109791361374
EID_14497,0.18057859857981734
EID_11769,0.20191581430964456
EID_21353,0.1809497696339087
EID_2221,0.1777915807421441
EID_13218,0.17659457104258555
EID_4576,0.19776001867901294
EID_17470,0.20061475584504213
EID_14817,0.20197100215448482
EID_21845,0.18343958700317997
EID_21987,0.16462707988937364
EID_1168,0.17918601838949144
EID_14315,0.2053434220469535
EID_5043,0.21077449780141141
EID_1967,0.19504238417495634
EID_22274,0.16533276626504975
EID_11091,0.14615213903922142
EID_18421,0.2216826991353844
EID_8316,0.15020773116105415
EID_13308,0.2706761556132941
EID_19481,0.22126684316212591
EID_17732,0.2004743221188633
EID_4504,0.14367022355873782
EID_2539,0.18046291314348484
EID_19529,0.1814404530516687
EID_2279,0.15083546941287432
EID_14508,0.17514549569722326
EID_12241,0.17268435908628932
EID_11530,0.1762473617813959
EID_20147,0.16258443672852485
EID_6154,0.2023186287485447
EID_3523,0.1895960128303331
EID_20453,0.18995039881401118
EID_11929,0.17077876724391275
EID_12840,0.18702009239159134
EID_22320,0.17073156752546997
EID_25383,0.17503472972843465
EID_10731,0.18013861563473793
EID_1017,0.17018476382066483
EID_1819,0.17689497016073624
EID_22849,0.16177779481160479
EID_12290,0.20228465726323988
EID_24238,0.16827148229627795
EID_3105,0.18728074677174167
EID_14242,0.1994655566704978
EID_16569,0.1940136611795329
EID_8094,0.18730924818481717
EID_7824,0.17529522774871567
EID_8978,0.17905756383018925
EID_25314,0.20311192526482907
EID_17810,0.2021087819172636
EID_14856,0.1474058432276076
EID_22144,0.19727716133238343
EID_23603,0.17867462413282262
EID_7211,0.2032474936082453
EID_19340,0.26614204423751636
EID_1501,0.17756058153153464
EID_22111,0.19497111465043854
EID_16147,0.18207630277421688
EID_16746,0.20005915363737442
EID_20777,0.23908205166159835
EID_12999,0.20555730496207655
EID_21663,0.1980054266789095
EID_11862,0.1845621571755417
EID_17683,0.21230359361260892
EID_19819,0.1528935620910362
EID_21562,0.1817536264625983
EID_24390,0.15883109218465888
EID_14444,0.19836199653073538
EID_3261,0.1480580144558926
EID_7752,0.1926745736014424
EID_3033,0.20109028048774313
EID_22433,0.17516647077444766
EID_23727,0.18959977309692855
EID_24107,0.1639290255196642
EID_22537,0.2077106196853325
EID_13645,0.14893560559412922
EID_16021,0.17656663552271248
EID_19800,0.24418604379358752
EID_1944,0.13294468482194027
EID_15868,0.17666283806161576
EID_22188,0.18131902948655612
EID_13833,0.1873105360962199
EID_15028,0.21682762866588456
EID_24861,0.1883114953755595
EID_13033,0.1783973920841517
EID_23673,0.1567385548650112
EID_13265,0.1725574406040536
EID_23411,0.19874082355943978
EID_3761,0.20021300685891844
EID_7299,0.15551296229753447
EID_2379,0.194613491139916
EID_18863,0.1660312295853667
EID_12115,0.22268694064492534
EID_23879,0.17120322547650046
EID_16586,0.2015468308919236
EID_19003,0.17491025687428285
EID_11107,0.2009185213436539
EID_15416,0.17399311525894867
EID_19214,0.1967972852428759
EID_5135,0.1689092007110949
EID_22464,0.205143150912786
EID_22759,0.2231370538364038
EID_17833,0.18715763731665636
EID_17627,0.18787776349141405
EID_25730,0.16588862435413587
EID_2377,0.1939932180697318
EID_18085,0.16056582776535772
EID_14096,0.17454240818696898
EID_8384,0.1991964698426626
EID_17105,0.258272766512172
EID_9929,0.20663586583587643
EID_13267,0.2669308616513458
EID_12954,0.19302798501698387
EID_4464,0.16658427029580514
EID_11464,0.19277720432694717
EID_19308,0.1412355037947703
EID_17530,0.17378696389987275
EID_6981,0.22516467728494505
EID_19951,0.1729460558204373
EID_1100,0.16945960255802084
EID_25145,0.20367801870307262
EID_15614,0.2440646901633753
EID_2961,0.20089158311413732
EID_1742,0.17089333386257116
EID_2843,0.20204117033457614
EID_9549,0.19845213845391696
EID_12832,0.19978834566042045
EID_17914,0.23109303593583846
EID_22832,0.22292782975634656
EID_5755,0.15046857633669908
EID_1141,0.19613168125120956
EID_18954,0.20401808427846202
EID_10824,0.1786683607733766
EID_24478,0.16935784192602846
EID_14916,0.18085449112466495
EID_4434,0.2869755396423648
EID_23650,0.18614986026242936
EID_16556,0.18745547309418564
EID_24656,0.1930506517000578
EID_25965,0.1939263038975395
EID_9279,0.18073021310062945
EID_13802,0.19513585651599985
EID_2748,0.2020722813732314
EID_17346,0.2031589092404652
EID_1171,0.23374581650845222
EID_1552,0.1476989424320448
EID_20674,0.17927874946100109
EID_2475,0.1550065385457321
EID_16714,0.18526865508239154
EID_7857,0.17774096588858468
EID_3294,0.17537421844698364
EID_2280,0.13922008116449447
EID_10203,0.16700479379497504
EID_22162,0.19713403086272158
EID_10438,0.20306035746746068
EID_12898,0.21881647924787656
EID_4358,0.20266418645366815
EID_6179,0.17401066922800523
EID_2538,0.17164122817880761
EID_13110,0.14957067704620752
EID_24585,0.25403512513923504
EID_1006,0.2112374743108395
EID_11632,0.20744001989158634
EID_21011,0.18802802111097114
EID_16869,0.2117520467309996
EID_20564,0.23816559148562838
EID_12996,0.20044767440291394
EID_1503,0.21303680674667652
EID_23053,0.18768902541485188
EID_22049,0.19426694416990373
EID_4346,0.21124711216710013
EID_1887,0.15897006941262526
EID_16849,0.171000891147698
EID_10071,0.18884745812874723
EID_11265,0.18762785195371334
EID_12611,0.1707648929765535
EID_25542,0.16664754576947066
EID_11582,0.20801279394633565
EID_19550,0.2015076906135853
EID_5351,0.17273861443114563
EID_3305,0.180518813064497
EID_18846,0.19234485154352576
EID_24764,0.17482430573763638
EID_2191,0.17916154145439145
EID_6314,0.1567811679486873
EID_23248,0.13273676501600046
EID_4570,0.1506435154477669
EID_16415,0.1859538221285701
EID_11002,0.22476251018922652
EID_20498,0.1569089846400153
EID_7846,0.2033216068117602
EID_24121,0.2174901458759746
EID_7536,0.1643059407474064
EID_2015,0.20324559965886624
EID_7934,0.2653492908668901
EID_20903,0.16247900666585463
EID_17535,0.18071963784807385
EID_19760,0.19435362480004265
EID_9550,0.17662768515799016
EID_4261,0.16829413722332265
EID_19753,0.1803317442625633
EID_13542,0.1501037392849244
EID_24283,0.15495282702197521
EID_7552,0.2076354957059602
EID_11577,0.18516841888735752
EID_3228,0.1865337235327167
EID_17468,0.17999014468054364
EID_15815,0.17916006909702914
EID_2093,0.15166945688130737
EID_21356,0.17341726695466103
EID_12357,0.21084950383530748
EID_18495,0.17611276350335597
EID_5098,0.17615019919317776
EID_12691,0.16826863228952163
EID_13240,0.18010428366430656
EID_19312,0.18837594529987778
EID_23914,0.19883576534883624
EID_23175,0.1765713100936357
EID_15413,0.178208377469849
EID_4785,0.18027484472270883
EID_25933,0.1857577581439724
EID_22705,0.2106031714525111
EID_19350,0.18584253331152373
EID_5369,0.18549442259471702
EID_20410,0.16037650647930216
EID_12557,0.1926013463810335
EID_17678,0.1922623681865909
EID_1342,0.14741624614430213
EID_12230,0.2556902778714549
EID_1311,0.19942126144911743
EID_5860,0.19754095204270344
EID_4259,0.20111852811377667
EID_10209,0.19931851662808933
EID_2300,0.221795364994541
EID_17408,0.1614327575780784
EID_1883,0.1754455593219889
EID_1053,0.22547534202871158
EID_23610,0.19710576339552613
EID_17585,0.18764600605280407
EID_20845,0.18053784437757275
EID_15683,0.17618833204123283
EID_11976,0.2440238027756353
EID_12031,0.16258365467793987
EID_1711,0.17626162199691262
EID_6239,0.2237672994189896
EID_25541,0.18050065914686783
EID_9308,0.16844807489693864
EID_18168,0.18935701424583823
EID_11934,0.21424993093114852
EID_23472,0.2242251960005569
EID_13731,0.15767635657827794
EID_16069,0.19254429989811644
EID_18276,0.16799563867043812
EID_6141,0.20287241595301678
EID_12061,0.21325124156249536
EID_9450,0.247561135150304
EID_21730,0.17085411445992682
EID_19506,0.19924373773683696
EID_13552,0.17479666138800998
EID_9945,0.17224656253817308
EID_1924,0.2023031147945986
EID_18453,0.17989792435238364
EID_20225,0.21396856127048675
EID_18673,0.19346729235787125
EID_11420,0.20826700066508252
EID_16631,0.21317843744321624
EID_21237,0.18065376856022192
EID_5015,0.19116725962053954
EID_20179,0.26923222422741977
EID_12073,0.20585443627343042
EID_21147,0.1606093020928612
EID_6714,0.1726563857393647
EID_10645,0.18485334498354375
EID_18298,0.18163870242832114
EID_2640,0.16865125957695076
EID_2318,0.19834531828575855
EID_25226,0.1619405497813161
EID_24099,0.16394887340408004
EID_20938,0.21606446376327493
EID_8377,0.16135378049632754
EID_7023,0.2009229540345462
EID_11385,0.18716735413274097
EID_15016,0.16278829126769492
EID_25794,0.21516610230587746
EID_11494,0.22466814935180612
EID_2425,0.16513833785060134
EID_9847,0.2172727477942799
EID_3570,0.1434767563459352
EID_13573,0.19217003404702324
EID_13780,0.17316415013628894
EID_2949,0.18786364243647802
EID_19834,0.1799522432155966
EID_11384,0.18201565004346987
EID_23154,0.191806640637358
EID_9337,0.15462475162995937
EID_3653,0.18491715764270483
EID_4850,0.163206250688255
EID_16283,0.1680372396080423
EID_5107,0.14604262066863863
EID_25156,0.1791303146135132
EID_17223,0.21967444570135264
EID_14695,0.1575151744828887
EID_11374,0.2863142175770531
EID_13672,0.20037311275018904
EID_6782,0.2794555291894524
EID_25074,0.20646609532093463
EID_21087,0.1867396478964688
EID_13017,0.18274732483545386
EID_9947,0.24591651637573336
EID_21221,0.17973097075080496
EID_21639,0.1924587940879846
EID_20333,0.16214453276326327
EID_2970,0.2749939494979014
EID_7624,0.18512667783583614
EID_15741,0.1853193631295318
EID_1312,0.16478302929209374
EID_19575,0.19363417784861045
EID_21047,0.17555455697963443
EID_11969,0.20375965884382913
EID_19145,0.23297130693695617
EID_9871,0.17960454583490582
EID_18852,0.179154895623182
EID_22326,0.17736780399614413
EID_7259,0.17801399370823537
EID_21920,0.22108739567499347
EID_1436,0.18300449254622717
EID_8261,0.1845719112680273
EID_23228,0.17536840047493119
EID_5560,0.1626175433048796
EID_22357,0.22379377373162906
EID_4816,0.16852225759601142
EID_10000,0.17869106412994157
EID_21908,0.18201563994686676
EID_14887,0.1699589106049334
EID_12497,0.203792722927628
EID_17976,0.18833347114816495
EID_17356,0.16771206188542803
EID_9785,0.19175553176785262
EID_16224,0.22686541852104222
EID_6020,0.1718355904885857
EID_20716,0.2428582016490748
EID_11351,0.20821077452645448
EID_20899,0.19352285779036968
EID_9718,0.17631167545009802
EID_9479,0.20760757197456062
EID_25048,0.20703026125870258
EID_23370,0.19836067095935278
EID_13877,0.21745395159552733
EID_12256,0.16252449108048858
EID_1903,0.1575549971514934
EID_8830,0.1643026478361718
EID_22060,0.17006068794467438
EID_11996,0.17956215000973366
EID_21061,0.17382904490666945
EID_22604,0.17024838338554527
EID_18463,0.19385287988458033
EID_11375,0.23384775607479086
EID_2685,0.18375480143177136
EID_16010,0.18727114430332295
EID_19288,0.20091504100075208
EID_9283,0.26057053720825946
EID_11122,0.13141480055877502
EID_6638,0.19320857124684107
EID_25516,0.19161874177386937
EID_3864,0.19819396555415858
EID_9746,0.16592364733865123
EID_8407,0.21783702831162483
EID_25463,0.18403953925729516
EID_23098,0.17923700951229402
EID_22512,0.19974705214032112
EID_14671,0.1733175974348809
EID_18482,0.17801884909199545
EID_8151,0.21468536560281565
EID_16624,0.20643155303490718
EID_1983,0.19381505254396952
EID_18445,0.15121549303659929
EID_11891,0.20744410052715406
EID_2010,0.18467128811465341
EID_4592,0.19739119694291882
EID_17412,0.18408277936303374
EID_24883,0.1869957980581116
EID_15661,0.18805455344617839
EID_11757,0.20270017309516167
EID_2627,0.20015501526127566
EID_13243,0.19603122916868618
EID_10917,0.19453727275907767
EID_4360,0.2111691808950812
EID_13536,0.2065439264826575
EID_10695,0.20370761518790886
EID_5746,0.20523575479113196
EID_1178,0.2265391879555947
EID_15290,0.21697807110008555
EID_3540,0.21593039757753807
EID_14684,0.18396238943544718
EID_7914,0.18586074533604025
EID_23733,0.23963281130534614
EID_5907,0.2257399345346599
EID_5142,0.24444809429143605
EID_7686,0.1914984487126819
EID_12078,0.1901670057443835
EID_4880,0.17561733474952426
EID_1527,0.18951881037471147
EID_15919,0.17358939615442856
EID_1260,0.16435337795022387
EID_22377,0.150696399576429
EID_7876,0.15863494489762595
EID_1213,0.13841520875163485
EID_4161,0.18193981807866894
EID_3214,0.17436958335308206
EID_17651,0.19819655380871432
EID_8005,0.1462738897386201
EID_12852,0.19741261431517715
EID_21465,0.1843874658189635
EID_7371,0.20873596346289275
EID_25687,0.16965681906902655
EID_17222,0.18197388452246713
EID_1994,0.16616517167199238
EID_22384,0.2149837444091275
EID_6344,0.17566051281813505
EID_18801,0.18989929009146034
EID_13688,0.18773038241999393
EID_13779,0.16210812162078841
EID_24969,0.1472627606104507
EID_15311,0.2279886060888769
EID_9095,0.20957569077158256
EID_11675,0.1734019631813736
EID_14870,0.25211594396528864
EID_1575,0.23434732296562283
EID_7440,0.16624189132329223
EID_24259,0.22290078547674042
EID_19501,0.24816448601092025
EID_23743,0.1699457473377927
EID_13287,0.1825320662544932
EID_2226,0.11965602995417576
EID_22439,0.15261767470131438
EID_16078,0.27454492962497384
EID_18895,0.17187098149865992
EID_19860,0.21795406117581162
EID_24564,0.18202370704571869
EID_21747,0.1651288952073152
EID_4659,0.1134598395297549
EID_24149,0.1762589058635386
EID_13300,0.18422449105812921
EID_16950,0.18268909074005363
EID_23778,0.17641756288532084
EID_14691,0.17183018942800454
EID_10789,0.19088263509519393
EID_5525,0.19571204590775143
EID_19424,0.18813917705508842
EID_6171,0.17642395445741943
EID_19569,0.16031135142928826
EID_4602,0.16935610270913842
EID_17919,0.22751252223135773
EID_4286,0.19197056975112392
EID_1973,0.17322280307155785
EID_25715,0.14707214525477244
EID_23385,0.18355328081253047
EID_13681,0.18478697976301073
EID_25410,0.21188724752425925
EID_18267,0.19703635453457263
EID_15252,0.20271090969957448
EID_23214,0.24416666585486746
EID_18551,0.2750745413480274
EID_2401,0.17797267317211912
EID_7609,0.1806086044739233
EID_21291,0.21069061650001597
EID_10126,0.190711098169117
EID_19714,0.18434375038661083
EID_4911,0.20251454790578205
EID_12505,0.21942255556849016
EID_10377,0.2114685071229963
EID_3407,0.20714816477540532
EID_3386,0.1748385246829775
EID_7623,0.17246460103637917
EID_19517,0.2260996536758298
EID_21782,0.23431528436712762
EID_12361,0.14620503751880562
EID_21171,0.20173856974758086
EID_17836,0.22249933589975499
EID_20286,0.20002591158568997
EID_25798,0.1593013397597114
EID_15699,0.19977714728502255
EID_17006,0.24083475951754457
EID_22476,0.1636543379275623
EID_9406,0.1362930462806807
EID_13559,0.16610247688929575
EID_1340,0.1731690943928823
EID_17848,0.19299132863654667
EID_20358,0.1688199337951507
EID_14265,0.18172072870734052
EID_9820,0.16043986563084597
EID_13755,0.17884086859181814
EID_13293,0.1886432005446096
EID_25837,0.183799894536482
EID_20466,0.17607221705674353
EID_11032,0.19507652397583874
EID_2399,0.21990199319566417
EID_23917,0.20430798644346096
EID_17011,0.18631624755525422
EID_8967,0.14910790503870808
EID_24468,0.19743360653441333
EID_8435,0.17666367964360036
EID_17953,0.1909548270058236
EID_7140,0.17844548651234932
EID_24404,0.15724637912844844
EID_14380,0.22664795912862618
EID_1232,0.19898063387593862
EID_1573,0.18590924636463213
EID_3684,0.22117570934947278
EID_15824,0.19642987352961336
EID_9212,0.18970995654488074
EID_21121,0.196286013191763
EID_6346,0.1662818101175669
EID_9525,0.16906248704904434
EID_9726,0.1798409463322634
EID_2526,0.21334098857136435
EID_4228,0.22457128135194893
EID_14595,0.1846873839679037
EID_15856,0.25155675069398276
EID_6768,0.17197807263059622
EID_23953,0.238445492608725
EID_19059,0.15701464372950036
EID_5268,0.15286500630013336
EID_7619,0.16950892725306108
EID_23028,0.2032413691722318
EID_22104,0.1934612112977864
EID_10318,0.1822762454660325
EID_25369,0.1756712046376127
EID_16633,0.1741377342515479
EID_15848,0.19488192063209314
EID_2240,0.18663328824270967
EID_1059,0.13912213156230543
EID_9315,0.16916023434895822
EID_15388,0.1699780841229521
EID_9984,0.16044012711670064
EID_4296,0.19332362134445014
EID_10927,0.16704024793001962
EID_25054,0.19426059268078555
EID_1884,0.15595156723553702
EID_21960,0.16799637005152349
EID_5572,0.16862621761217622
EID_16872,0.20860517740994663
EID_24525,0.2148785407019429
EID_14237,0.15498618920070428
EID_7114,0.20551196007091746
EID_7448,0.14912839637129724
EID_17668,0.18098704582659642
EID_7674,0.1910592611665553
EID_5884,0.18082750598414782
EID_13942,0.17432838859561178
EID_13098,0.20455302616507437
EID_7695,0.20078897778351718
EID_5350,0.19531058674028962
EID_22853,0.15008285801984067
EID_2385,0.2518826526595597
EID_18006,0.21049444569515902
EID_12875,0.2365707842028743
EID_5478,0.18851039098529265
EID_18690,0.1759383116458479
EID_12545,0.19689577572222278
EID_13888,0.18932639890017666
EID_9732,0.26054792687624945
EID_18001,0.2411477274668968
EID_17479,0.1706582504827203
EID_23757,0.18594976325218798
EID_1303,0.21931640695355473
EID_5375,0.14739669731296873
EID_5869,0.18611567135942542
EID_8825,0.2176364456169631
EID_22567,0.17239840104134427
EID_16273,0.1585774213011463
EID_20618,0.15380276555359942
EID_3608,0.18054323882690276
EID_8806,0.16370679546138578
EID_23170,0.1724074081195945
EID_12243,0.1693340814700265
EID_20089,0.1786821941394583
EID_16852,0.16785686646690084
EID_18312,0.1680079698838044
EID_14010,0.18255708374968105
EID_14705,0.2069457110302148
EID_20956,0.17988714260542468
EID_18794,0.18226980405166562
EID_1629,0.20681473194041458
EID_25483,0.1958543887759306
EID_4542,0.1772487873381446
EID_10076,0.2130247783328972
EID_9469,0.1821409655952932
EID_25284,0.18713163325103654
EID_11972,0.14525336328911298
EID_1798,0.21047242287096787
EID_21903,0.21555798423187403
EID_20031,0.15096153866542042
EID_20365,0.17593924319182036
EID_9210,0.17303250199736347
EID_19750,0.1879641451852218
EID_4006,0.18708892389308257
EID_24922,0.1826291337701561
EID_4760,0.17606037201505892
EID_11035,0.1435082915345042
EID_21008,0.25166106044321523
EID_23731,0.1703626224422865
EID_21788,0.19601012809137125
EID_5428,0.1528101542756743
EID_14023,0.22252195544250414
EID_2937,0.2383076489820365
EID_16931,0.21694447479749382
EID_18299,0.17312322881353664
EID_6660,0.1887864744565349
EID_23187,0.23080956651289125
EID_14868,0.1864087414458488
EID_23247,0.16662857947776713
EID_15971,0.2201720602841308
EID_7852,0.157777656766739
EID_7017,0.26424927462742603
EID_7494,0.20257418280689732
EID_18706,0.2161463653031122
EID_22784,0.1650585487897009
EID_10756,0.1701294172079715
EID_6854,0.1546215806295758
EID_12554,0.160237860419526
EID_1162,0.19375262933308673
EID_19581,0.21246642340609045
EID_2169,0.1779885199981874
EID_25149,0.17547297560652106
EID_22575,0.18524489190743004
EID_2265,0.1794304164036246
EID_19668,0.19652675801995573
EID_19245,0.20292727473243866
EID_8194,0.1827401166140414
EID_8081,0.22529995884207815
EID_8670,0.19115285723432446
EID_7992,0.22005522183423798
EID_6596,0.1705487801653483
EID_3699,0.2332983189224047
EID_9698,0.1964311007616929
EID_1847,0.17533630342925643
EID_16179,0.21477681151325406
EID_23663,0.1937785858829916
EID_24287,0.20451594371432064
EID_3527,0.11142890849026726
EID_18652,0.18293916710916616
EID_24110,0.20203180812178054
EID_21419,0.19515408456794042
EID_12865,0.19078719837036273
EID_9237,0.1866643321063196
EID_20408,0.17605759642062288
EID_22934,0.21740214511242933
EID_6492,0.18245247242641008
EID_20285,0.21178021197136954
EID_1286,0.1893182368023073
EID_12542,0.17453624212990293
EID_5523,0.16923011348488334
EID_1979,0.15729407750033325
EID_23146,0.1944227277947654
EID_4773,0.1893650596696408
EID_8785,0.19978760842872423
EID_4463,0.24265144697879187
EID_24028,0.16471011626173382
EID_20920,0.16361164765376654
EID_21392,0.20616990558552406
EID_4079,0.15080456360599326
EID_5173,0.16061891841552145
EID_22915,0.18864403696380747
EID_18347,0.20539201590137188
EID_7984,0.21826128158545394
EID_25148,0.1979860090711283
EID_4350,0.22337711239679803
EID_6909,0.15151078647994803
EID_10582,0.1724473303437845
EID_6248,0.18860505158320462
EID_10035,0.23008617673811804
EID_24603,0.22451423667485573
EID_1794,0.20512460340793942
EID_9407,0.19261355393633076
EID_2114,0.1687376521134935
EID_21125,0.176008407121817
EID_15046,0.19642069979209634
EID_8058,0.17945897657336063
EID_1961,0.14858298781511972
EID_23324,0.20238707673309198
EID_21521,0.25598332557959036
EID_11043,0.22087984904516345
EID_6461,0.18364745574167113
EID_10398,0.17068325426672917
EID_20635,0.18474043342534416
EID_22940,0.20020531083750034
EID_8582,0.15987427274014274
EID_12770,0.20888641118468682
EID_15982,0.17557001173117517
EID_19692,0.22110433638292626
EID_18304,0.26091677805033486
EID_13603,0.18733309104012863
EID_6145,0.21748759032987508
EID_16587,0.15505076164950563
EID_16835,0.25346028194245196
EID_8399,0.16381786231531545
EID_7012,0.19946563284840385
EID_20575,0.1801648445226649
EID_20747,0.2036454278741457
EID_3907,0.19103573605839014
EID_22626,0.22228513144858508
EID_4442,0.18991427083824225
EID_18034,0.18964746865571466
EID_16055,0.1693010552354697
EID_21684,0.13933739787444038
EID_17499,0.20526896186956525
EID_1222,0.159086309337954
EID_17204,0.18023438967540378
EID_22732,0.17194893495348879
EID_8539,0.1871400659249346
EID_23136,0.18587780645893304
EID_24470,0.258916678534091
EID_17404,0.19410531996826713
EID_21498,0.2598457183325364
EID_19495,0.18661518019606524
EID_23966,0.14906527589773563
EID_1388,0.17865633880010723
EID_7374,0.20568246416848246
EID_25441,0.20060487049706754
EID_16616,0.18519218334392326
EID_7654,0.22997669017111547
EID_4217,0.18535843524113182
EID_9968,0.17557486169515182
EID_17830,0.13325600751853267
EID_12023,0.17459345819981234
EID_24002,0.13586345661364602
EID_11371,0.20018619100549107
EID_11096,0.1738411103803146
EID_24835,0.21235570362297657
EID_17439,0.16985158944532852
EID_6587,0.20069381239078304
EID_21946,0.19149984319710642
EID_5431,0.1633723177518484
EID_4723,0.1459441930697506
EID_11535,0.23269745450204532
EID_2330,0.16668117757224382
EID_23531,0.18214476564324342
EID_8913,0.21502521068634023
EID_21273,0.17480448547870023
EID_11927,0.21107696965126205
EID_1385,0.1803629945308215
EID_15758,0.1779148486297411
EID_1023,0.15633984235394827
EID_8959,0.24535956757290717
EID_12911,0.19854437944907305
EID_15925,0.1667407114913472
EID_17769,0.19383500663085645
EID_19842,0.20232709021509648
EID_15875,0.21745847665094237
EID_21284,0.1759040918837722
EID_24825,0.16661559769161005
EID_23825,0.15104252121130066
EID_13001,0.20179234227329684
EID_25601,0.18726188105904093
EID_24670,0.1892874348281256
EID_24412,0.1927255842520477
EID_18712,0.29186349175282944
EID_21138,0.2175194742178108
EID_19335,0.1718013336035854
EID_16753,0.17583260501835882
EID_24399,0.24806089848845836
EID_12567,0.18154611785133323
EID_22161,0.15714765933123254
EID_12609,0.19959043653470304
EID_22249,0.17417591517826075
EID_5314,0.19242936511101744
EID_1897,0.21325951264555665
EID_22507,0.21676934020217986
EID_2878,0.16232620272418385
EID_10098,0.18417290668359992
EID_18435,0.24787736059484017
EID_8063,0.17773122515227638
EID_3512,0.16156441786685413
EID_24444,0.18018625162882296
EID_9813,0.17922838271229552
EID_25132,0.15946437840281846
EID_5613,0.18787379208144758
EID_14062,0.2108593208116823
EID_20073,0.1848221673964166
EID_12506,0.15515163230349518
EID_1092,0.25425667022912546
EID_15895,0.17234777701182719
EID_1039,0.16179892603264687
EID_22016,0.2485253914337844
EID_6764,0.19159738550207725
EID_17384,0.212784764701754
EID_8705,0.23355956833415145
EID_14832,0.2242231773220925
EID_16473,0.20892556063507334
EID_11186,0.17731749923287338
EID_7476,0.18411358081884624
EID_19671,0.20436815970561337
EID_14001,0.1887484287304888
EID_10658,0.19143503159863817
EID_6668,0.17433851670143344
EID_13786,0.20341112059782177
EID_11224,0.2038396678101721
EID_13296,0.19290062871795843
EID_22145,0.19122301206340508
EID_6494,0.1903363341775946
EID_1649,0.15966663131318434
EID_20878,0.20491765997966974
EID_3790,0.1781874100280054
EID_9257,0.20983740385916633
EID_14917,0.17135251064706175
EID_22052,0.2299988035388138
EID_1198,0.18522224134265375
EID_8478,0.24270856767358343
EID_2071,0.1709733075590404
EID_1250,0.15446312925274494
EID_9000,0.16673423539931095
EID_17319,0.20965532388630315
EID_21794,0.17909955615446913
EID_23350,0.20137941396593562
EID_16278,0.15290915844735337
EID_3330,0.12639050480796854
EID_12584,0.19245673159412058
EID_9354,0.2428622906758934
EID_15007,0.18228058922614304
EID_11656,0.1789677402278419
EID_22526,0.1684635135329824
EID_11027,0.17549773967490662
EID_21588,0.1681613182454267
EID_13717,0.14112700006574436
EID_8073,0.22486627012459653
EID_15972,0.18608357286218308
EID_5730,0.15766828838109914
EID_23968,0.16632346692638772
EID_4299,0.18748030586190145
EID_6302,0.2339038835345968
EID_6974,0.143090023478053
EID_4829,0.16715804881551974
EID_21139,0.21202401864199105
EID_23456,0.15987984993267226
EID_20110,0.14710458325177397
EID_20342,0.15888920369142784
EID_15238,0.19013364429385993
EID_10349,0.18160403320122842
EID_10077,0.19383597582163387
EID_22330,0.20023741350010793
EID_4368,0.19301251994045643
EID_8859,0.17811247080216264
EID_24277,0.1935713631594873
EID_1061,0.19613124751843475
EID_5597,0.13529146977771692
EID_4820,0.21830296515585587
EID_5863,0.20847550150479244
EID_23680,0.1920307074205448
EID_5542,0.13473178741479613
EID_6203,0.1701816965836644
EID_5355,0.18519362025839423
EID_19669,0.23450392488366845
EID_21725,0.22096452230844033
EID_2138,0.21763494417584844
EID_24278,0.16170852388659368
EID_6591,0.19123406055775838
EID_21056,0.1617334687632318
EID_18759,0.23653386262132375
EID_12059,0.18140367681565953
EID_11077,0.21241000561559792
EID_17216,0.18342646296911194
EID_15655,0.16558725522152934
EID_19017,0.17074341830502635
EID_17846,0.2057408298346633
EID_6418,0.18174773860267818
EID_25942,0.19867860860324005
EID_5420,0.19863207443102768
EID_11764,0.19333165800930346
EID_16483,0.20536869502286567
EID_1901,0.17159575677592362
EID_21480,0.16661601612962634
EID_8006,0.22290376547528823
EID_1282,0.19303206235014356
EID_6895,0.17896771556151853
EID_13677,0.1804247058621134
EID_6071,0.17574897740860007
EID_14425,0.18301076311574632
EID_22685,0.15697320990377023
EID_20203,0.19150088839475313
EID_19161,0.19118121082372447
EID_1947,0.1530490665431424
EID_16574,0.19204551052448354
EID_2561,0.1924199605564626
EID_20668,0.376443352399922
EID_7831,0.1984203231368618
EID_8769,0.15507292929093966
EID_25191,0.1754521795021387
EID_15590,0.22070211013339505
EID_12458,0.18305836876177395
EID_11406,0.16289526252566655
EID_17629,0.18700621390979227
EID_4632,0.16541308331736188
EID_18455,0.16486444233992642
EID_23077,0.18692459861021649
EID_25024,0.15770618354255467
EID_6269,0.19954707396529694
EID_12100,0.1677571421952177
EID_23190,0.2021191713187488
EID_9030,0.18096424834668876
EID_12359,0.16256328611250992
EID_12041,0.18198704986717235
EID_2019,0.181587618938214
EID_22974,0.13817136988918158
EID_10351,0.1832818043112625
EID_23630,0.2140593187664751
EID_7309,0.19035492450853503
EID_19821,0.21328105536873
EID_4033,0.15688442377390965
EID_3435,0.21267328888819337
EID_5759,0.16676102681973282
EID_12826,0.20338523001780173
EID_8148,0.19789554990515612
EID_16088,0.17598593931021872
EID_15783,0.16679846598884765
EID_19521,0.17946011705328782
EID_13016,0.15580097611229193
EID_13708,0.20544268999320414
EID_4237,0.20079675383431622
EID_3620,0.1796422346666671
EID_10042,0.18312078849428354
EID_8833,0.13107879509414225
EID_21028,0.16399609960716463
EID_3485,0.21584531815982383
EID_23372,0.1977828691774099
EID_19410,0.18772823499116978
EID_6598,0.19767042354387038
EID_25371,0.1781670190864652
EID_19483,0.1995101031913742
EID_22826,0.16626503521662936
EID_23606,0.1987226504704851
EID_9346,0.20936126246862535
EID_1608,0.1953353555490474
EID_1603,0.16546215321510757
EID_23041,0.21423708822522797
EID_7801,0.1880534566347289
EID_22456,0.19826904121384537
EID_24428,0.19375237127429262
EID_10811,0.18841580924435009
EID_24566,0.19216908978292152
EID_2531,0.14882107420324228
EID_10878,0.17581792524662476
EID_19548,0.2146682720898213
EID_11988,0.18632459118746275
EID_11378,0.19662792431503034
EID_9896,0.2115648987677234
EID_17323,0.19230737722057728
EID_24976,0.2135218142903942
EID_11249,0.1785870218633684
EID_20395,0.21181606278956694
EID_18262,0.13512568672180134
EID_14670,0.18870954136596568
EID_12880,0.20586469896393944
EID_1406,0.20220650120893152
EID_23014,0.19492849536831233
EID_5224,0.18517264454170754
EID_3232,0.16682326503514924
EID_22327,0.1915329690846459
EID_2285,0.22827668026477715
EID_20468,0.2186616619158721
EID_4443,0.18895363195918896
EID_15641,0.2033817554911801
EID_8106,0.21029057486081723
EID_13958,0.16937471373474833
EID_10214,0.23364225683427345
EID_17739,0.21354550510232506
EID_13347,0.20544301720615157
EID_23453,0.1600868717684244
EID_1477,0.19533147533171835
EID_20224,0.16741515402891707
EID_2362,0.17013848540082616
EID_21421,0.2003755390532565
EID_7860,0.20484309277069349
EID_10286,0.18208829095503615
EID_7184,0.16027158093271188
EID_21742,0.19878227553238398
EID_21610,0.168680864078682
EID_19375,0.20654642960698946
EID_18564,0.20640346264798387
EID_19108,0.20742248483787923
EID_17928,0.18074303522384377
EID_25613,0.17659197038000357
EID_23787,0.1858492151476794
EID_2392,0.24122896430313656
EID_7574,0.170763528024997
EID_9810,0.20066025837870713
EID_14332,0.17587616479163737
EID_20937,0.18195288081645306
EID_7827,0.19823763399240035
EID_7457,0.2177250531172061
EID_11152,0.19291715294383022
EID_12917,0.17846415930817194
EID_18590,0.21222160207578616
EID_15327,0.20049027526713567
EID_11687,0.19545402629271774
EID_5179,0.1480315332379936
EID_5623,0.20586299950254267
EID_25331,0.21832108763336597
EID_24386,0.1695696405682654
EID_6507,0.19872913860443187
EID_7842,0.2071538900537908
EID_12018,0.1710307927655083
EID_6640,0.20507626891929764
EID_9872,0.17512465774367952
EID_2331,0.21564743728641583
EID_19685,0.17358008182112133
EID_25701,0.22695115980530045
EID_25681,0.22066109880706125
EID_20151,0.2138169144979127
EID_8980,0.1808203891758351
EID_12719,0.20673703750618122
EID_20075,0.1732831003729468
EID_14984,0.2003974022641009
EID_8177,0.19627102981288164
EID_1360,0.24506480619829166
EID_24812,0.21153625997158776
EID_8480,0.15979669885888145
EID_14567,0.1751722967582394
EID_16194,0.22638033103155125
EID_10020,0.255812288462375
EID_7321,0.18933101994385942
EID_15387,0.20644181521026111
EID_19419,0.18705919792389009
EID_20496,0.19814087558640317
EID_1308,0.19266145259719888
EID_14770,0.15934913974216702
EID_21893,0.21532557708023753
EID_10990,0.1840066008683417
EID_17521,0.2427964430757111
EID_15274,0.17971822595528553
EID_24001,0.2091719640111137
EID_4111,0.1921311918886497
EID_4284,0.13387309110666745
EID_19682,0.14437584463496617
EID_14871,0.20151753096419064
EID_18152,0.18683297862140896
EID_12520,0.2068173933961502
EID_4739,0.1200987247346211
EID_8424,0.14215711696926153
EID_23600,0.17900922198491742
EID_25891,0.19883090513987445
EID_11618,0.220295355983023
EID_12674,0.18740123658932006
EID_5999,0.21657372042570106
EID_18063,0.1484763103904391
EID_14859,0.175312038118125
EID_20353,0.20562698211799765
EID_22962,0.1946509436759894
EID_19650,0.17216256375485187
EID_6108,0.2290184269210087
EID_19012,0.23204488615664232
EID_22925,0.21608524182949654
EID_15619,0.2047691176779664
EID_19998,0.15051753065927198
EID_20052,0.17757509417442935
EID_25044,0.19921929224610524
EID_5422,0.1987222432921384
EID_15354,0.2312372325109286
EID_3804,0.17297086135748224
EID_23277,0.18108935481024968
EID_12336,0.20088437388818386
EID_24839,0.1626835214799695
EID_1651,0.1885548641990033
EID_24355,0.18925448832992608
EID_24276,0.1739389760605255
EID_10346,0.14230381890596824
EID_9579,0.15697703203245805
EID_23242,0.1688918938788826
EID_23541,0.19668959476565745
EID_14741,0.13481528464413012
EID_7783,0.18408162828529376
EID_12569,0.20511904649577078
EID_3834,0.15526437847800048
EID_6799,0.23197463558568143
EID_15609,0.1805700647323027
EID_5496,0.18350761144404407
EID_5080,0.18345737909293852
EID_14834,0.29518721488730176
EID_18266,0.20773067158122271
EID_1182,0.14577150344306883
EID_6445,0.18407308719958465
EID_18656,0.21870454701543712
EID_24011,0.1879900065998608
EID_25093,0.1911763341160234
EID_11334,0.14802071619983892
EID_15785,0.18203246422719016
EID_8060,0.15552572167058795
EID_4349,0.1524358741962754
EID_22525,0.2347004575056239
EID_1231,0.23787405290957814
EID_2127,0.16901913270209512
EID_4047,0.21392171081172634
EID_12989,0.19351960279446817
EID_17726,0.21601480837011708
EID_1602,0.15331276547661282
EID_5945,0.15636923793082244
EID_15166,0.20580155413323206
EID_25317,0.18567284777928783
EID_18848,0.18418352947589917
EID_14455,0.18986759595218689
EID_9724,0.20424892827326518
EID_22697,0.14910880072710317
EID_16505,0.162012632867832
EID_11616,0.1671812268342893
EID_10352,0.1496036626927004
EID_24093,0.15778627638172413
EID_11826,0.1947399910103671
EID_24211,0.19593926395495978
EID_14709,0.20590090236417957
EID_18747,0.18284724660174584
EID_16077,0.21847319795159492
EID_15440,0.16437510165125258
EID_4935,0.19788678778457458
EID_13791,0.19327888661547238
EID_16876,0.19133038805344108
EID_1335,0.16148712309892374
EID_19086,0.17982499998498694
EID_12872,0.1987683751135368
EID_11623,0.17263199176795102
EID_7807,0.20867278803078249
EID_9605,0.20336402893655275
EID_12736,0.20309299169994366
EID_20565,0.1944861000465542
EID_17225,0.1894335088100086
EID_19974,0.16261386540555317
EID_16045,0.1842945825140259
EID_2082,0.18985028596756723
EID_22219,0.18885068093019053
EID_19439,0.1908427658923944
EID_2979,0.19564277619668408
EID_24414,0.17367949296637802
EID_15148,0.18210612062759407
EID_10690,0.2131890748448828
EID_16346,0.1610735313233171
EID_22752,0.19085285568552846
EID_21746,0.20593247877303655
EID_1705,0.18875708900314475
EID_7498,0.20816575490676986
EID_6874,0.18566595712466477
EID_4543,0.18372025326644195
EID_8931,0.17358446885459422
EID_16435,0.21309935452230963
EID_16767,0.17953279085774793
EID_3058,0.16963849080943563
EID_16381,0.18924317228651988
EID_17190,0.19271294471263944
EID_7079,0.15382507011310384
EID_10191,0.20598755929276824
EID_1378,0.14750030284340038
EID_20222,0.24379435007713096
EID_6156,0.18728392314120706
EID_5975,0.19256404585823
EID_18682,0.16464463824785758
EID_8837,0.15583520508380572
EID_24686,0.20295617625258572
EID_9869,0.24978738414380278
EID_14673,0.19081971939587394
EID_14443,0.17545849590317353
EID_21591,0.21245320178421875
EID_25240,0.16568264007762576
EID_18365,0.21160423798664016
EID_9260,0.20352166434542007
EID_10696,0.18164039329174353
EID_18012,0.1922781639418444
EID_17421,0.18525141247911286
EID_23615,0.1703750729291822
EID_14132,0.1965259535777546
EID_13168,0.17007838457418836
EID_16973,0.17546565768827296
EID_13426,0.16286037945939397
EID_1493,0.16265088874524442
EID_3994,0.17680675493856118
EID_10574,0.20462053763422064
EID_12394,0.18794352821268273
EID_4781,0.21409101757050697
EID_24911,0.2510467949188273
EID_3205,0.14597637418934598
EID_25568,0.1622481498518806
EID_4343,0.18817101232428202
EID_4330,0.16636909688453316
EID_12518,0.22689169725954633
EID_18426,0.19429048896840037
EID_3862,0.17587127718815265
EID_13478,0.22071397297584697
EID_5607,0.13706813650634547
EID_22353,0.17020904380191895
EID_18346,0.15584231709447527
EID_5978,0.229070608345842
EID_3391,0.1964353677276393
EID_8525,0.23244447149492714
EID_5245,0.20185566474619915
EID_11791,0.19580143148677936
EID_22913,0.19989001517840368
EID_15587,0.18495888171847052
EID_4851,0.18360317446106905
EID_3432,0.12220606051008343
EID_13090,0.17689306679998526
EID_15117,0.26250864425939696
EID_22004,0.21405055648805596
EID_16053,0.1957813941008116
EID_16458,0.18061388067674944
EID_8021,0.20259222059474302
EID_24385,0.17557025474467386
EID_7053,0.21587955819005958
EID_13544,0.15588512700932677
EID_9014,0.17188054013070964
EID_9246,0.2119953557417158
EID_15642,0.19250194964208223
EID_12295,0.19203360884923326
EID_7925,0.21303369834361285
EID_18473,0.2250853323692178
EID_19427,0.15471030927154206
EID_17027,0.1417113012356706
EID_22093,0.18403576973269165
EID_25611,0.20866846949062254
EID_20490,0.2417392625316442
EID_4204,0.17259899936778464
EID_2604,0.16117490481927474
EID_16152,0.2152607396012492
EID_8563,0.20815825908544944
EID_18620,0.18823657943188077
EID_11012,0.19560456408245244
EID_19598,0.20244986313990332
EID_13159,0.1743852213757297
EID_13171,0.14388780667710854
EID_8374,0.13883775787631078
EID_9838,0.21588577841123535
EID_18489,0.18409298447233258
EID_17451,0.17839730544608615
EID_7269,0.2080380463769945
EID_20548,0.17371171586001655
EID_9466,0.193743482139918
EID_16085,0.16986211521942876
EID_24082,0.2474478931997927
EID_5078,0.19848754493615556
EID_23951,0.19839868222015267
EID_8327,0.17898739144795908
EID_5904,0.21596394255310594
EID_11085,0.18329531379813324
EID_21437,0.2153941825601947
EID_7471,0.16971330722131797
EID_12046,0.20183690821171774
EID_18653,0.19885383452871283
EID_14175,0.24039177026918784
EID_5514,0.19124632148052373
EID_20148,0.17616753847439762
EID_14260,0.1742982487963195
EID_15574,0.1933850169558086
EID_7287,0.193028593746716
EID_18889,0.20618546749081718
EID_13106,0.18636733008187217
EID_15448,0.181522016946781
EID_25897,0.19159907592747716
EID_23758,0.17813441054374618
EID_23208,0.16952657193894835
EID_13646,0.14334364572445846
EID_5467,0.18649380547101746
EID_6022,0.17007340289589273
EID_10923,0.1904329168252647
EID_10408,0.1979946863964706
EID_4186,0.13443563983281867
EID_22022,0.1862643381679956
EID_16390,0.1768699618476408
EID_19493,0.1943840152591978
EID_12519,0.18295204114429978
EID_23549,0.16072568086353614
EID_17612,0.21805528320845863
EID_25007,0.191084289651981
EID_1949,0.2428240174608997
EID_23313,0.22887652136234848
EID_22516,0.20080522786065724
EID_21836,0.204260189472865
EID_7268,0.20339464793598078
EID_8202,0.17743471192429677
EID_6613,0.16309287520643226
EID_2596,0.2022005671142333
EID_19849,0.2047104995980576
EID_11546,0.2054840698934663
EID_3942,0.19547137178206622
EID_7899,0.17991276781516088
EID_4802,0.18958425351363734
EID_6725,0.189464061094231
EID_3835,0.18636736443069507
EID_9511,0.18449717057839057
EID_5757,0.18737915643268319
EID_24838,0.18090465199329508
EID_15225,0.19915009965105018
EID_8238,0.17868902336095682
EID_2826,0.17797464673707813
EID_20774,0.16936567974405287
EID_19311,0.20163886447869844
EID_12339,0.19636792497789926
EID_1583,0.200892116824654
EID_1033,0.16429589787827173
EID_10764,0.16558343157710786
EID_17203,0.23728638258938378
EID_1345,0.17960339635274786
EID_4951,0.1836417055499632
EID_16956,0.23765485088896904
EID_9203,0.22921163154077906
EID_7021,0.20155848001241278
EID_8707,0.19536997876425405
EID_5209,0.20279364161278854
EID_20428,0.222059379141405
EID_10913,0.18810576870523796
EID_11507,0.16401658420630078
EID_3693,0.18971080789067415
EID_22857,0.18062977701186322
EID_18744,0.18848897423659466
EID_19600,0.18687482957591073
EID_21336,0.21855109144519796
EID_17676,0.1922984130976534
EID_1678,0.21523225397654777
EID_4889,0.14921041229579451
EID_9961,0.20672255518164218
EID_23386,0.1853047371387867
EID_19835,0.1656416949706656
EID_9519,0.17503591252253406
EID_5449,0.2060284844960449
EID_20640,0.1826746423664367
EID_16387,0.18860265098747642
EID_20293,0.1778414376276981
EID_2296,0.1643360543259212
EID_11827,0.17748828867393646
EID_21522,0.23403334456036906
EID_2767,0.2001319705297071
EID_2873,0.19868990861702082
EID_2603,0.1799622170631945
EID_2674,0.17265162831138464
EID_23682,0.14567740545950614
EID_13310,0.1865913606415987
EID_6523,0.16706312921081387
EID_13056,0.21704816899124602
EID_7244,0.25195749710747145
EID_1072,0.1844500839047536
EID_25833,0.18855585890273732
EID_11244,0.20845745566876694
EID_22918,0.18531681836716096
EID_16735,0.22966841480753172
EID_4201,0.22118572952922533
EID_5998,0.24161497000318688
EID_19254,0.17682949251806354
EID_16653,0.21755876482561004
EID_11729,0.19351398784849588
EID_19573,0.21599553921952586
EID_21463,0.18500182231019724
EID_5899,0.18441555083764172
EID_23613,0.15528640173160949
EID_8609,0.20121051504653562
EID_2660,0.11408891123459378
EID_1333,0.2073613106706994
EID_3212,0.20112437065891836
EID_7830,0.23349263761352784
EID_4372,0.20617106999633367
EID_15955,0.189743953741253
EID_22059,0.1828266354748836
EID_22804,0.18753691103524517
EID_4700,0.19221644631224902
EID_14401,0.2239006207719782
EID_19971,0.1908934748962505
EID_10684,0.15115147928387146
EID_21512,0.16370666859208485
EID_16722,0.16650036683675634
EID_16012,0.1534219568916545
EID_19093,0.21486332839748173
EID_25636,0.1854700171975934
EID_10567,0.1959801489760264
EID_11601,0.2179885514615023
EID_25697,0.19535369014734685
EID_22131,0.195929042639066
EID_8511,0.1687965459644698
EID_18114,0.1989010152225294
EID_12784,0.19976290434008764
EID_12820,0.15884429553281237
EID_4512,0.15877630840423676
EID_5837,0.16635333237057545
EID_12564,0.17964843111893558
EID_16737,0.16808703879665943
EID_25986,0.1859912232421922
EID_8729,0.18903437870295037
EID_4386,0.16962128627191717
EID_5223,0.21526453597198106
EID_1494,0.21739918164361088
EID_22699,0.2260723138047562
EID_1083,0.17989416506670985
EID_1329,0.19971006556423188
EID_3550,0.16075341032784407
EID_18845,0.20566926583830963
EID_17946,0.20913658049755524
EID_1712,0.3691011559364662
EID_12024,0.19185912276368053
EID_2974,0.18216164015223676
EID_12806,0.18115768395459003
EID_10396,0.1744683992240197
EID_3998,0.16078743314344118
EID_22451,0.12732278987754092
EID_12242,0.19059609552808232
EID_18599,0.19255877587190395
EID_9423,0.17955514737448874
EID_25347,0.15960458752685983
EID_20183,0.18873074696011
EID_18079,0.21640356169307773
EID_10059,0.28127952996895556
EID_1322,0.1741103913646322
EID_18109,0.20741379334402446
EID_7325,0.20757489868258733
EID_6000,0.23900020320401266
EID_10760,0.18744380999406113
EID_24380,0.22376755154472716
EID_7070,0.1968289070284496
EID_2796,0.1805618574191583
EID_18860,0.18012290511650003
EID_13597,0.18505842288278362
EID_6858,0.1472942379123045
EID_14987,0.18714441612756366
EID_8902,0.18172701747144976
EID_9453,0.16339688577491407
EID_20605,0.19612873461076635
EID_16020,0.17774367775605796
EID_6335,0.17217322636862062
EID_1317,0.22008012458653947
EID_5575,0.19116224706411758
EID_17433,0.2686660233573624
EID_6238,0.20223237465133723
EID_10734,0.1900366161760981
EID_7661,0.18610186228912073
EID_9281,0.13068599598889724
EID_19259,0.22464535624950926
EID_9544,0.23408710294295143
EID_2572,0.2300745873911923
EID_12706,0.208007489366207
EID_20500,0.1753870935830338
EID_19258,0.17766389040158972
EID_15915,0.2003279656763441
EID_25265,0.20419583091757382
EID_16567,0.216860517993484
EID_19553,0.1867226991685339
EID_25403,0.19956868433037425
EID_10354,0.1850825704949115
EID_19522,0.16665559930975843
EID_20132,0.21200115404523756
EID_3363,0.15209383794307704
EID_15253,0.19634964358914653
EID_8368,0.15403459965823804
EID_3883,0.16325799592245072
EID_7323,0.14758430577068826
EID_16203,0.20152160737878871
EID_9080,0.1893390913234284
EID_12266,0.17881834208558728
EID_13777,0.1439687921710666
EID_24876,0.1687205017909214
EID_11961,0.30083075254888264
EID_25871,0.15995335271016703
EID_3563,0.18998858860390577
EID_3377,0.17839404319459612
EID_19924,0.18581852276615812
EID_4070,0.16823887693708245
EID_7727,0.16938825912949992
EID_2253,0.15833183971350356
EID_5056,0.16938315166968151
EID_16751,0.20791635788648077
EID_2105,0.17563472321458284
EID_14078,0.16271150377074045
EID_18779,0.17974318754787685
EID_2218,0.15751819832821318
EID_6130,0.20567294804914965
EID_21722,0.1561888783409156
EID_17748,0.17614003573427195
EID_21322,0.18951842222637197
EID_6016,0.16452527338996367
EID_20480,0.1894323489237732
EID_18843,0.2083168470024013
EID_7336,0.18691618660246412
EID_4455,0.1853611771149573
EID_15206,0.23099210288491187
EID_15582,0.18517412958807827
EID_22381,0.14880439595422282
EID_22606,0.25470627745173396
EID_12159,0.1714645494034873
EID_10027,0.18929604422194352
EID_4107,0.16345837928548407
EID_18932,0.18221600965790674
EID_1321,0.18913062387158724
EID_7759,0.16516350799727347
EID_21961,0.17883697531328807
EID_15289,0.18083892969746138
EID_23069,0.19613682261891036
EID_17187,0.22956420081727785
EID_25372,0.13975022818127597
EID_9787,0.18883148232221958
EID_9797,0.16518024524790703
EID_10831,0.1829284104076092
EID_24620,0.1909162889167422
EID_8715,0.22973760935724968
EID_13459,0.17286576129215503
EID_14031,0.23316234934818758
EID_14541,0.17757447946656774
EID_12395,0.18624622164533988
EID_7150,0.1867807105883779
EID_14422,0.19645902171798243
EID_19060,0.20319373943490038
EID_9338,0.19702423736042982
EID_21042,0.2264008926136331
EID_8011,0.15611624483800254
EID_8102,0.17377549663723746
EID_11068,0.17275791243040173
EID_15461,0.16997350729889518
EID_18509,0.1820862235409006
EID_5796,0.17495606866160993
EID_19905,0.1887013270023755
EID_21609,0.19373208534566505
EID_14873,0.20121634960866797
EID_8033,0.16329172815446785
EID_21354,0.20067889993182303
EID_16377,0.16763481376497208
EID_10566,0.18815251310562509
EID_4791,0.17835696381150312
EID_20944,0.20123407650429456
EID_24913,0.18279856638053402
EID_3868,0.16403977765015282
EID_10611,0.18084897328193061
EID_21702,0.19040070262465492
EID_9472,0.1638699941263816
EID_10746,0.18168368445861302
EID_17717,0.21484519406239072
EID_18535,0.2423757307223653
EID_23706,0.17590795203660084
EID_7039,0.18435500638600183
EID_23797,0.1913890635119793
EID_1574,0.16881727229941043
EID_5931,0.18152039296762576
EID_6468,0.19545555191029226
EID_15805,0.1862711152616358
EID_2988,0.20080040728225373
EID_21966,0.1835708996978651
EID_16571,0.18668384314455183
EID_10082,0.1726181755679142
EID_8359,0.14429760005931494
EID_3200,0.20064064668936257
EID_2206,0.21559663606376933
EID_14234,0.19750275158602687
EID_12498,0.2272930743011265
EID_12009,0.2205505162340014
EID_12486,0.19327789245020705
EID_2679,0.20748834863238763
EID_25329,0.1606017003261771
EID_18268,0.19695703620933885
EID_18253,0.20140318809887053
EID_11915,0.18683091980341676
EID_2503,0.16631414096551897
EID_22110,0.19501199176478068
EID_9344,0.21188379250622227
EID_17568,0.19579425833284367
EID_1445,0.1787213980771428
EID_12971,0.18329000335304652
EID_14129,0.19378521202880677
EID_22888,0.1889382636590621
EID_17510,0.1906594921820257
EID_11722,0.20452075785821022
EID_18542,0.1796280166728887
EID_13158,0.1882465544892551
EID_2810,0.1763290889788422
EID_16559,0.18511127178233963
EID_1124,0.20733666202817858
EID_2137,0.18163962092667751
EID_13145,0.17475059782447772
EID_14181,0.18117350655672498
EID_24695,0.17555469538073756
EID_21367,0.19709279362523846
EID_13213,0.1965532967184437
EID_15852,0.1718821063385722
EID_9531,0.21872638711796052
EID_6197,0.1202298779253923
EID_20012,0.18222132474696018
EID_10381,0.2534920380877946
EID_9136,0.19079493770175704
EID_12063,0.19352976093296667
EID_22318,0.18055671575611013
EID_24047,0.18328441496228035
EID_5834,0.1741800572512762
EID_4763,0.1655282782070981
EID_24096,0.19234123041312318
EID_13825,0.19359226309814606
EID_14326,0.19221691962587073
EID_10111,0.12634919456086022
EID_23362,0.19257248207307104
EID_8682,0.189199063405473
EID_18727,0.15602019732929973
EID_20725,0.21773760318161894
EID_15976,0.16091955440415087
EID_17626,0.18346738930140066
EID_13302,0.17591250045904833
EID_11333,0.18485116524006195
EID_12305,0.19349998558812034
EID_4987,0.18127608333884135
EID_12132,0.18116129175686962
EID_14163,0.19370265096175412
EID_15666,0.16592661759535335
EID_19257,0.17573601261848765
EID_1591,0.19497920412435787
EID_5610,0.2139265367289666
EID_4835,0.1971324637102195
EID_5060,0.21462235410878477
EID_15897,0.18620371890687593
EID_9771,0.1954073981002697
EID_11486,0.17041941998573915
EID_14583,0.19214127321349092
EID_17832,0.19908595767881399
EID_6876,0.18690935481564594
EID_18560,0.21011696415566153
EID_1091,0.18492693182851427
EID_3837,0.24981647630059972
EID_8508,0.19008514266542062
EID_23640,0.1872229560448535
EID_13280,0.2134663901257542
EID_3352,0.19833148251228463
EID_13404,0.1556140451899788
EID_23565,0.2275138011749615
EID_24526,0.20371940146462086
EID_9254,0.1797565142090026
EID_8916,0.16124381344926153
EID_15227,0.19265939344730962
EID_11672,0.174250477179146
EID_8926,0.19815847427456307
EID_25125,0.20260956386601867
EID_3170,0.14028753997341975
EID_24612,0.18761056745165888
EID_23932,0.19285237789176451
EID_11554,0.18325090451640336
EID_19854,0.17980624798160588
EID_16362,0.22337052483453326
EID_13195,0.19978611349232175
EID_25559,0.24314889946128465
EID_18526,0.21338495245549172
EID_23226,0.20584215349609028
EID_5873,0.20753279599719457
EID_11286,0.18563636394800923
EID_7573,0.17407451506100735
EID_11669,0.17880882201590137
EID_12639,0.17162711572200923
EID_12309,0.19509577199641487
EID_17566,0.1900658535176576
EID_3644,0.22180466841589644
EID_9921,0.17572638129688
EID_14703,0.18548550896325233
EID_19366,0.21192332862209007
EID_12449,0.22400166383593664
EID_24591,0.15960346624445554
EID_4698,0.1680914625934956
EID_17657,0.1839181882478846
EID_24446,0.2112857727729261
EID_18528,0.21612653758407357
EID_8868,0.15887454600503081
EID_5820,0.1769547816692535
EID_24215,0.17779559249773824
EID_19176,0.14333716061428137
EID_6578,0.180886826673117
EID_9672,0.17138664532876347
EID_10702,0.18490388202822178
EID_4741,0.18374276448533217
EID_24067,0.1984279291363506
EID_2416,0.17506834819925574
EID_12089,0.19418687077247976
EID_8392,0.19185783732717532
EID_16766,0.20259787309240584
EID_23137,0.23842199328865768
EID_24704,0.18516337378921832
EID_13184,0.1992540437584718
EID_21642,0.19678582587282534
EID_8050,0.1765332371684934
EID_20432,0.17817031249407667
EID_14456,0.19868877582071384
EID_7769,0.16362776553405195
EID_14077,0.20154989607729554
EID_17805,0.20758600742299893
EID_14927,0.18611701103226386
EID_7995,0.23161860811774354
EID_2297,0.21677692784289715
EID_7960,0.18831350313089
EID_9481,0.18413806789794848
EID_2781,0.17818532324171604
EID_25571,0.1729699991120837
EID_12462,0.20404472106469856
EID_17761,0.18695275231462627
EID_22310,0.21033211558278964
EID_15161,0.19883590559489028
EID_3361,0.19043663188892945
EID_2166,0.19972362455157844
EID_1515,0.1642640720603346
EID_13787,0.17815394309060695
EID_23496,0.15573634087474897
EID_7820,0.17969837354804258
EID_14433,0.18646417851710045
EID_9405,0.1916965238185412
EID_4195,0.20511573279519116
EID_24190,0.15943201456855194
EID_20400,0.1966366639003458
EID_16111,0.18074945646789642
EID_5502,0.20709442424740798
EID_17381,0.19644573159855705
EID_22435,0.17104687232867866
EID_3060,0.1722304618857274
EID_19197,0.18657254237561582
EID_13311,0.18250102716868166
EID_14282,0.2158722275005532
EID_5849,0.20201630813250365
EID_19845,0.16500610003518373
EID_6965,0.19342024219338833
EID_5048,0.17548445724026873
EID_13766,0.19020039460450483
EID_22269,0.1778964869726142
EID_4363,0.1762274405876091
EID_12215,0.18561877694979007
EID_14479,0.15411266388988265
EID_7348,0.20102957189777107
EID_25664,0.19140390942693128
EID_4940,0.20322899612115347
EID_6877,0.18396381075555976
EID_8337,0.1880248362134502
EID_1775,0.17160971734617259
EID_13938,0.18286560565139076
EID_12735,0.1629960343344877
EID_16138,0.19215231045216258
EID_18586,0.2339799133236724
EID_16650,0.17277448364639555
EID_18259,0.19156084901590698
EID_19144,0.17282633259311708
EID_4483,0.1798609873292075
EID_10929,0.17767283756119892
EID_19882,0.1907304205458245
EID_3779,0.269027038233758
EID_18678,0.16892811407967304
EID_7168,0.19275143425425112
EID_23279,0.12980377741162064
EID_17008,0.1817602911425099
EID_2795,0.2028732366901001
EID_1833,0.1845310016999142
EID_21026,0.1607216565640282
EID_20322,0.20999256540603356
EID_10026,0.17796952386095094
EID_7742,0.2201003036574862
EID_21792,0.22231196610319603
EID_14341,0.19145259988137414
EID_24634,0.19578417440948176
EID_3379,0.18956277525380966
EID_20627,0.19250607939386252
EID_8572,0.168872361278964
EID_15104,0.18860617881304934
EID_12426,0.18681003083258557
EID_17588,0.25875300919284194
EID_20961,0.15186021092846308
EID_23260,0.1918607266250642
EID_7213,0.18464246044591026
EID_11851,0.16646428931243565
EID_5696,0.2127277501666635
EID_23011,0.16560009534700176
EID_2035,0.1922332105695443
EID_22461,0.16487340584640903
EID_23215,0.1915702178285697
EID_6913,0.19516838666229783
EID_5739,0.1588810241462368
EID_19814,0.26433190097193043
EID_20320,0.16939631794102178
EID_2043,0.17119599836803195
EID_21992,0.19151077433563352
EID_9324,0.19648304724289692
EID_3863,0.1848929067826563
EID_7513,0.17066586854062676
EID_11120,0.23619944668635912
EID_6548,0.20036291918742608
EID_23957,0.1701179089678975
EID_11408,0.2317224638065289
EID_24638,0.15725520516560282
EID_3908,0.18177862925666638
EID_17023,0.20031705092994434
EID_10902,0.19782391079243872
EID_3543,0.18949108204418952
EID_3633,0.14036123757318972
EID_3394,0.17400203189254884
EID_8619,0.23920872247146066
EID_13424,0.1982671666517517
EID_15405,0.18948098608685052
EID_21727,0.20721150948858624
EID_18916,0.20343027085937493
EID_3335,0.20416957458015877
EID_2811,0.18949992582935427
EID_8620,0.179024952837457
EID_3249,0.18130936017254587
EID_22140,0.16798812338830163
EID_18934,0.17106518210288174
EID_24271,0.21980896205466516
EID_2164,0.17464270483529767
EID_22961,0.18498282212435369
EID_25318,0.19749548834719174
EID_23064,0.17861512407846813
EID_1056,0.21812426811470886
EID_4389,0.19283718105980904
EID_6949,0.16224459873906752
EID_16133,0.20357480438779357
EID_8023,0.2467923136645615
EID_19426,0.16068985650715636
EID_12895,0.2121163958291526
EID_17667,0.19802362570707419
EID_14826,0.16095219042910733
EID_8807,0.13377328613303233
EID_13977,0.18980984974683474
EID_11167,0.17632571388098991
EID_22535,0.17902031763591839
EID_5357,0.2046896944086257
EID_1450,0.20308146070491992
EID_24647,0.1934384841487573
EID_1516,0.23131206099593007
EID_10122,0.17616675184612351
EID_2423,0.22214846584986006
EID_4276,0.18052659697958406
EID_10610,0.19248310043059091
EID_5840,0.16561431692982664
EID_19117,0.19151055413934034
EID_1753,0.23108844902277775
EID_11679,0.19599170740321575
EID_12425,0.17866763465067886
EID_21118,0.1647317484304859
EID_1348,0.1515017049658179
EID_3143,0.18251080109657974
EID_12153,0.1886032091331893
EID_22834,0.1925294764542751
EID_14978,0.19749818414947726
EID_23361,0.20076278820124904
EID_5207,0.12124794177654462
EID_8395,0.24164685438473726
EID_2440,0.18410704056345173
EID_14196,0.1830467796587763
EID_16684,0.19266539628670376
EID_22520,0.1693855019639444
EID_14689,0.18502576135110854
EID_22890,0.15643052431300486
EID_18695,0.20665057941801088
EID_1275,0.17162867599879644
EID_6033,0.1755585107106843
EID_25616,0.18272898737013915
EID_6190,0.19794944726014668
EID_2964,0.14400797151445485
EID_24869,0.18029048521111432
EID_3319,0.20160445915146624
EID_15857,0.21949024068964734
EID_4615,0.17131947687772403
EID_23926,0.16912571929438047
EID_15506,0.18918641692579813
EID_4168,0.1998311673564776
EID_23593,0.19494706010428367
EID_3108,0.1485561099297312
EID_22846,0.28811221333122405
EID_12618,0.2152571152511672
EID_20341,0.21078532300262162
EID_15441,0.24851264460129843
EID_20278,0.19749490776888223
EID_19511,0.16626234866364795
EID_7832,0.15442528770394032
EID_7775,0.18257906341274305
EID_9409,0.18927534938031276
EID_11483,0.20914708191360187
EID_6657,0.20475046144143494
EID_10338,0.18390912022334283
EID_7683,0.17702124978337624
EID_11854,0.18619166896916203
EID_17102,0.17136499736198588
EID_9882,0.18776225603126778
EID_19326,0.2708087147197365
EID_1670,0.14192714888938135
EID_17455,0.17450153838970547
EID_24867,0.17475242817654751
EID_22972,0.17756872826599074
EID_4679,0.15593533521028588
EID_7172,0.20185857521093004
EID_7401,0.20029495737906472
EID_13199,0.21096389246197686
EID_12244,0.20007678113650373
EID_12771,0.19871923632796473
EID_7230,0.19796764808029688
EID_19736,0.20565262116765387
EID_2755,0.18527950628492953
EID_19126,0.17588095489423924
EID_20949,0.1753818028102156
EID_4573,0.16371354075757125
EID_23671,0.17669714607484607
EID_11580,0.1781479581702185
EID_15600,0.14980500677065198
EID_17577,0.18811656195364984
EID_6773,0.18055034232135542
EID_9565,0.1828017254123982
EID_13401,0.1829622505333131
EID_17438,0.17301721587055674
EID_7604,0.17117970018714634
EID_1215,0.18152243605744375
EID_24765,0.19848309550309234
EID_2084,0.1762421537153434
EID_17898,0.22710515970668854
EID_9752,0.19473405575268438
EID_19867,0.23031968046836665
EID_5430,0.15492909977625596
EID_22617,0.1699650994155158
EID_23590,0.1809958615151052
EID_11131,0.16264031839710746
EID_1623,0.15195565553796397
EID_25390,0.19479607342471578
EID_23316,0.18726954104930219
EID_11595,0.17711247800027535
EID_10827,0.21656811965261374
EID_14787,0.18480682020137879
EID_18290,0.2079351181198597
EID_17889,0.20465524904853155
EID_7936,0.16943187442464275
EID_12044,0.1798322910938999
EID_8205,0.18250158537868585
EID_22950,0.18690058271345136
EID_4965,0.1936424621594375
EID_24073,0.20640500795297073
EID_4946,0.19697969569185886
EID_14618,0.1768940960603344
EID_17692,0.19257419993349623
EID_23220,0.24476303229983237
EID_24364,0.16970329885410826
EID_20216,0.13570220431614266
EID_24865,0.19408118163601912
EID_11009,0.1777247169545527
EID_6889,0.20707623816075854
EID_10375,0.18279306347634208
EID_11917,0.2513484873610553
EID_25323,0.18625281042140723
EID_21841,0.18164694692318112
EID_25278,0.19353784332501933
EID_17857,0.18777272360720995
EID_2991,0.2202054179780235
EID_23822,0.1572860092822712
EID_12098,0.1570202048703932
EID_14665,0.18362649206364692
EID_25373,0.17834673752362606
EID_22143,0.19116349993593343
EID_4000,0.16968645835483454
EID_2951,0.16473338961018855
EID_8610,0.20212737010639029
EID_6998,0.18507318498878084
EID_21972,0.18595441849658279
EID_3582,0.15194267270776743
EID_18220,0.18506340237514948
EID_12381,0.1570247108052211
EID_15689,0.21283264626992016
EID_12239,0.2219560713846581
EID_3987,0.16427324887050798
EID_20164,0.22352163613320358
EID_1654,0.24533809447785548
EID_25583,0.1751114335818179
EID_22736,0.2342757797549992
EID_22169,0.2311687167215829
EID_9495,0.2042770580295734
EID_2465,0.21220069061253577
EID_1659,0.1900635626993064
EID_4509,0.194409537081055
EID_15264,0.16966438074430767
EID_9494,0.21202783795452557
EID_23657,0.21732850127373943
EID_10376,0.18819681257392862
EID_25277,0.20338596731162545
EID_15121,0.17353745322710715
EID_14760,0.20552812959373318
EID_9160,0.22447278459518644
EID_18574,0.17945175628912768
EID_2977,0.1973743094782113
EID_4745,0.21184689824415479
EID_6762,0.17906164102084787
EID_2682,0.16641600868717077
EID_19172,0.24059397604811358
EID_1013,0.1885290745973528
EID_1242,0.21331283818209268
EID_10336,0.14742493744587706
EID_11247,0.18870588824856027
EID_4631,0.2225760519672751
EID_21660,0.19133409048993205
EID_6752,0.18693865365492882
EID_14409,0.15655951186372452
EID_21720,0.22662557575219452
EID_14495,0.2324826972334965
EID_15348,0.18958831173726665
EID_9610,0.2017642083928632
EID_10629,0.18773880804984538
EID_10182,0.21650704799261278
EID_10598,0.1800598798516437
EID_11065,0.21700280083548473
EID_16129,0.21482314299672153
EID_15572,0.21380314070431786
EID_21059,0.20184510097926014
EID_7812,0.19178179776168092
EID_15162,0.19610838960547355
EID_6911,0.15784905003417507
EID_17591,0.2012009453893232
EID_22638,0.1533933764926669
EID_3217,0.18166082161436756
EID_10116,0.17918850971918174
EID_23199,0.17119338931906047
EID_18844,0.20670903354190245
EID_19931,0.1946535092205509
EID_22215,0.17021215206668766
EID_14623,0.21052150343634224
EID_7884,0.20341143034586331
EID_3197,0.16534716337526434
EID_11291,0.2008325121362084
EID_3320,0.18265847964714532
EID_12585,0.1822508988223283
EID_13592,0.20127105509341542
EID_11264,0.17879590023120168
EID_6997,0.16663319256496031
EID_2327,0.21520120071591392
EID_9340,0.18951573850203018
EID_14544,0.17709470446163542
EID_13055,0.17929894513061156
EID_14014,0.22649117015354958
EID_7429,0.22057987311085248
EID_19008,0.17736037893123285
EID_14283,0.20567077552628765
EID_10882,0.21535473898054217
EID_5194,0.1725619320125272
EID_23844,0.24535399224657659
EID_22628,0.19927904487152331
EID_10033,0.22877114092101342
EID_13281,0.2370567314060068
EID_23871,0.19922973450611073
EID_3621,0.17702269600696577
EID_12968,0.19063493635017242
EID_5819,0.1753487192429537
EID_6694,0.17442086428240602
EID_17656,0.18814420849517421
EID_8888,0.18798196692178823
EID_14552,0.16973596860367166
EID_15342,0.22637284211238629
EID_7728,0.17325623531685033
EID_10331,0.18171386588645727
EID_5479,0.1651675549363515
EID_25526,0.19973917051544865
EID_12348,0.14919419490785585
EID_6196,0.16566873778397073
EID_3619,0.21832395806130128
EID_11280,0.20487727111810833
EID_18119,0.1831549457947453
EID_18058,0.2685442213232943
EID_20911,0.19881003067925163
EID_19840,0.22306656564271343
EID_11808,0.18822324520019515
EID_16265,0.15626693567592914
EID_25976,0.15403053934206945
EID_3872,0.1862598780551594
EID_23029,0.1682744585760096
EID_11745,0.21401547815522726
EID_9556,0.18579481848709573
EID_19748,0.18635952009860793
EID_23253,0.18358768080056953
EID_16237,0.1788939053328383
EID_11694,0.21422626430003017
EID_12824,0.1537632696655794
EID_12797,0.2143457589066996
EID_3524,0.18879611129751586
EID_10559,0.18797533576675313
EID_22844,0.192479733830515
EID_22281,0.1857337977096451
EID_9535,0.26865200319609545
EID_1642,0.1648501324123378
EID_17630,0.21373395196557415
EID_15083,0.21464829346006348
EID_2690,0.18807964109133432
EID_12199,0.18805084642529546
EID_3449,0.20697244370156553
EID_12097,0.21018010053662256
EID_23272,0.20084841453844804
EID_6890,0.21386973792267105
EID_2438,0.24927865507540256
EID_6508,0.19297238347934742
EID_10772,0.16979448022572607
EID_6076,0.1740465354935654
EID_3045,0.20189226492194648
EID_24779,0.15900119897576984
EID_12553,0.2069148399584747
EID_24984,0.16485573006328375
EID_17157,0.22357767515051838
EID_11823,0.17591930905084618
EID_4765,0.17359890431367478
EID_16143,0.1703085087805565
EID_19658,0.1970494926150772
EID_12035,0.17837849643835707
EID_3481,0.19110265517941716
EID_12776,0.2099990693448438
EID_21160,0.17769115250456463
EID_11127,0.1723701715498802
EID_11784,0.1742411814215412
EID_17458,0.16366342569735462
EID_15653,0.18532306304643167
EID_25399,0.15679096320641192
EID_8799,0.23783876424297984
EID_14529,0.16256468110216682
EID_19407,0.1957188599441071
EID_8224,0.2359567483463578
EID_21582,0.17747498670916512
EID_14807,0.22623461667467906
EID_17338,0.20507659642936257
EID_10635,0.18348572143174724
EID_16300,0.2597959872172326
EID_5155,0.1585756915018892
EID_11136,0.15371492300960388
EID_7716,0.1999533760274358
EID_13041,0.18886645205664176
EID_1572,0.1991534871562471
EID_2382,0.1367297855889527
EID_4568,0.20043999940572055
EID_25153,0.19306741515320128
EID_20523,0.1746032589044663
EID_2332,0.2300404314140053
EID_6143,0.1618260902838456
EID_19549,0.21120183123160802
EID_24568,0.18019946361465064
EID_23211,0.2288057909789913
EID_2342,0.2074913179866475
EID_2922,0.1623098785401899
EID_6026,0.1860208422704305
EID_10107,0.18179853778250185
EID_14855,0.20278137007088146
EID_18780,0.18023606012194354
EID_10578,0.17379613751849418
EID_3842,0.1919915802948921
EID_10225,0.19675796119981226
EID_15275,0.19293643939751404
EID_10740,0.1785217595383658
EID_9483,0.26407511690172997
EID_11262,0.20441691870204098
EID_24388,0.2156030654431949
EID_19271,0.2022625893022087
EID_15363,0.1764387274684806
EID_16555,0.2592851248418423
EID_7387,0.1932558311249697
EID_2692,0.21993642461638874
EID_19754,0.19635479180964496
EID_10859,0.15393601650539665
EID_16618,0.1636003941901467
EID_1697,0.169029838381869
EID_3764,0.17862363861142455
EID_4502,0.1778206389329283
EID_19240,0.19254600688343354
EID_22590,0.22189717917203103
EID_14056,0.18216846489150984
EID_20697,0.18009828847672202
EID_2505,0.15011975194042315
EID_23288,0.2015535708000346
EID_23373,0.21135460571428233
EID_18878,0.15980357249281443
EID_11857,0.15969476083659317
EID_25945,0.16798485403944266
EID_18242,0.24404827051317424
EID_22823,0.18248662350818945
EID_5625,0.18204280095525716
EID_6702,0.21822689912415671
EID_24252,0.2002651673485122
EID_12704,0.19816878696212464
EID_1770,0.23975904120660857
EID_10159,0.1967914787628675
EID_3702,0.38992143424250797
EID_2688,0.22967907255070755
EID_19784,0.17736634702022192
EID_3636,0.18278468340179738
EID_14537,0.17984112597136845
EID_4878,0.2241788107011797
EID_10260,0.2073822036031966
EID_5154,0.18874339602828533
EID_21206,0.15439757874969018
EID_15511,0.21062793108040043
EID_8010,0.17275423285637923
EID_6249,0.1861557729647106
EID_7392,0.1649395077999653
EID_18362,0.18063155708696946
EID_14147,0.18320303171242097
EID_24826,0.17398542311653442
EID_10862,0.183442570521247
EID_3088,0.17354690889124633
EID_2871,0.16509028936698167
EID_22681,0.17010608861859197
EID_3720,0.19109245431996902
EID_21540,0.19426529727803676
EID_3516,0.13081597522574245
EID_10969,0.17154459699467262
EID_11396,0.18836908285039144
EID_11407,0.2002637391858336
EID_19264,0.19332365707545685
EID_12406,0.182258062699793
EID_19440,0.16204570935009827
EID_22729,0.1945959582562627
EID_21143,0.15710968059473535
EID_19936,0.1995848135338893
EID_13997,0.18017659156044336
EID_15533,0.18424402642275992
EID_22065,0.21225538170417396
EID_6600,0.18959784711820496
EID_15316,0.20559767547012114
EID_10721,0.17795139575159197
EID_20630,0.21528293745531718
EID_17720,0.19838922343310858
EID_7692,0.1952907259557641
EID_25004,0.18426669930835893
EID_1804,0.17862104871902634
EID_25207,0.21199925370585188
EID_7638,0.1693880183969868
EID_8179,0.18177073451773035
EID_23406,0.1716077089830417
EID_19285,0.17535830097180255
EID_15333,0.20740637841848356
EID_9685,0.16201900643308764
EID_15725,0.22294249784911485
EID_8302,0.22455495853441293
EID_10726,0.18672570903277866
EID_6168,0.18502148516859285
EID_16711,0.2401190183020847
EID_24881,0.19515956028673426
EID_15281,0.185015638055722
EID_17428,0.14869322113394512
EID_2814,0.1623210844308138
EID_8717,0.19547723337772654
EID_4395,0.20281502549678146
EID_22871,0.17102300225102396
EID_22152,0.18324667615772647
EID_23649,0.1319493232312204
EID_24748,0.21298083184019903
EID_25426,0.16292797472101778
EID_13986,0.1901363971906233
EID_19704,0.1745054275964401
EID_15554,0.16640086508206128
EID_23100,0.18968165556901778
EID_25408,0.16806211293190998
EID_15870,0.1573520047613436
EID_4048,0.2194660810234425
EID_12712,0.18792131291353625
EID_1937,0.15263456850888785
EID_14246,0.1684007133544346
EID_2569,0.15034314846658378
EID_6228,0.1554886611079892
EID_21309,0.19011439015900022
EID_16971,0.2025102078984749
EID_25273,0.1558365391621464
EID_8968,0.20682724940783648
EID_21475,0.22795788364366648
EID_1982,0.17104929911522188
EID_23627,0.2514051061085556
EID_14209,0.1784578256776282
EID_22365,0.19460346061210354
EID_21031,0.15369884413844914
EID_16883,0.2746033283570536
EID_15734,0.19657174329178395
EID_20840,0.16884303353672292
EID_20792,0.19305897664869348
EID_2652,0.1678792940260396
EID_3079,0.16161159868200117
EID_1425,0.21076634743643274
EID_17271,0.15991998868547316
EID_22724,0.21202317864444015
EID_23964,0.22643058105402425
EID_9333,0.18397178418534682
EID_12374,0.1899764985949333
EID_25107,0.2098147115138049
EID_22869,0.22691639722019197
EID_18753,0.1717580884592135
EID_16805,0.20000231462654325
EID_19994,0.19130995024259292
EID_3004,0.17489835579934937
EID_12616,0.18875058145207305
EID_6090,0.20574589427592513
EID_3303,0.20291861997190597
EID_9435,0.2328729738459679
EID_1838,0.1717890770220886
EID_15681,0.19409930059900976
EID_17496,0.19825585091946865
EID_8456,0.18466342376815956
EID_23174,0.16904414228859027
EID_8285,0.18605089711811873
EID_6547,0.1901313565400617
EID_23648,0.14997877171328378
EID_7958,0.21872126017511745
EID_19299,0.19461454501360884
EID_8699,0.17082044981342326
EID_14528,0.1900571656747141
EID_23167,0.18650660125034854
EID_25289,0.1962463942086842
EID_12802,0.19971722299506947
EID_15986,0.19446940520673525
EID_3609,0.1871327965295278
EID_2045,0.15195912789109967
EID_1788,0.20964151839047013
EID_22630,0.18574148607940907
EID_10542,0.18263996004102567
EID_13101,0.17939041240091055
EID_5159,0.18742692800044797
EID_18490,0.210242683376814
EID_25693,0.16874114477814045
EID_20514,0.17342048012844918
EID_3713,0.14240181179991088
EID_11193,0.2578677511633257
EID_6052,0.17069884389012166
EID_6986,0.15834497693018135
EID_9104,0.21612950430922545
EID_23058,0.20485029766444918
EID_3156,0.19731393090656366
EID_17660,0.1839923984374709
EID_17514,0.17344398362824728
EID_15370,0.24453632671928172
EID_12207,0.18177744435486473
EID_7351,0.1700265427655086
EID_24727,0.19011728192326738
EID_6356,0.1742655238823991
EID_15421,0.20126758705824638
EID_11772,0.19488174507317807
EID_14071,0.1939599025961265
EID_16359,0.19025273175960244
EID_16919,0.15237739900880365
EID_21496,0.18325421720410828
EID_10564,0.19154043270793908
EID_3773,0.15021351263917757
EID_9484,0.2170975425499191
EID_13601,0.15819371390469789
EID_13843,0.19411433636191872
EID_8774,0.18089600758997665
EID_7542,0.23068437112435544
EID_3388,0.21514088453226968
EID_17949,0.1855678721154168
EID_1815,0.17247973992883048
EID_10479,0.17097331621984513
EID_10722,0.18562363304364948
EID_3427,0.21251016125361544
EID_18205,0.2064024366301523
EID_21650,0.19872726280388361
EID_23124,0.1814355744664474
EID_4294,0.22764876015496838
EID_13366,0.16202081317598777
EID_13957,0.1790064245289053
EID_3578,0.18593414172975659
EID_24105,0.20088672756046233
EID_13186,0.20423549838228505
EID_24214,0.1839386707256348
EID_17251,0.19338840714776137
EID_23225,0.19153731497975454
EID_2152,0.17855034887684132
EID_10625,0.2155040111139625
EID_2044,0.16193931269101813
EID_7201,0.19053989002521954
EID_2405,0.2301822901137192
EID_22716,0.19831948643637493
EID_22728,0.25027675559772006
EID_21251,0.21136214906241524
EID_6915,0.20930201831864892
EID_14744,0.17150649261283513
EID_15814,0.1801180172817699
EID_6659,0.23584486356041584
EID_10991,0.1900710787193001
EID_6500,0.15941354983084002
EID_19121,0.15813059588420544
EID_6278,0.2003192379884424
EID_13236,0.1677523313221716
EID_5382,0.20081592221377115
EID_6871,0.18474349834983617
EID_5012,0.22727260110728337
EID_1268,0.21498772508864317
EID_6588,0.1817012382536078
EID_22163,0.1720821365304863
EID_11121,0.2202450570104335
EID_22615,0.16489860583174742
EID_7838,0.24945708699493258
EID_3344,0.17055435350496023
EID_25292,0.17749546578576472
EID_10730,0.18622044274033933
EID_10317,0.18911041899181202
EID_13443,0.1764993182913988
EID_10988,0.1860544814160669
EID_23091,0.2247340622415111
EID_1839,0.20483654743058888
EID_13892,0.17819091580504196
EID_1496,0.1978958973470349
EID_15045,0.20306606962966162
EID_3744,0.17080961313414206
EID_13010,0.2121136976716868
EID_9716,0.19417280179004148
EID_2993,0.19295114307724598
EID_23435,0.16747104291784742
EID_8587,0.20630437783526417
EID_22132,0.21388753204800492
EID_21413,0.1923325048389567
EID_11881,0.18971241443497044
EID_19850,0.22494606066324335
EID_18460,0.19395861357204686
EID_17983,0.18655201163652674
EID_14888,0.18902969249416907
EID_14002,0.17379817766398342
EID_13524,0.16749765675891534
EID_4049,0.13619784629522705
EID_6535,0.18411609835114878
EID_10557,0.16855043677809037
EID_1313,0.20741256941473868
EID_12424,0.15379432919112504
EID_8210,0.1731463122408744
EID_22378,0.15524792293553158
EID_19644,0.16125190240202295
EID_8790,0.1633273037435571
EID_5778,0.18607972489343308
EID_23887,0.1701886816325743
EID_16103,0.21416806513518466
EID_20604,0.16756672899983138
EID_17378,0.18496698632706732
EID_5566,0.14414844778550315
EID_24264,0.15791479464821095
EID_7814,0.23277598983089326
EID_1968,0.21045739078666148
EID_10282,0.21517316465975223
EID_13648,0.1459521305873269
EID_22376,0.19440282761292768
EID_3690,0.18877023431035234
EID_17871,0.18021725119580007
EID_19167,0.19257271354079797
EID_5366,0.19558033262653934
EID_16996,0.16952884225208786
EID_1953,0.22035834650742087
EID_8760,0.19388757116668714
EID_20448,0.21015464682801382
EID_15787,0.21973597657124808
EID_18982,0.18737564393075623
EID_4388,0.17073875437191627
EID_22325,0.1883706618264235
EID_10189,0.1729522956977672
EID_21162,0.181920192326302
EID_1032,0.2044628947200614
EID_12045,0.19542673578305836
EID_18324,0.21073766840141417
EID_15085,0.1790357789086262
EID_21927,0.18486255678310298
EID_13325,0.1806275785349323
EID_17801,0.1996156676954901
EID_7678,0.19922285136552073
EID_17469,0.19634433233293141
EID_14318,0.16562845010497013
EID_16439,0.23848324070723934
EID_2307,0.13798074432194507
EID_20011,0.15288232461188633
EID_19381,0.14504583576984112
EID_14043,0.18411255199665272
EID_14774,0.20084243643024674
EID_22982,0.18460547001386027
EID_19092,0.17199039320549728
EID_13137,0.198916812784258
EID_5738,0.2065960019785723
EID_19661,0.20512018809134536
EID_22570,0.19843686436980656
EID_16393,0.23227586249451224
EID_4256,0.16597088309472896
EID_17873,0.2206652534106124
EID_13832,0.17272163939667112
EID_17617,0.16696618606318503
EID_3106,0.1632097918705927
EID_6567,0.19078320086544748
EID_4727,0.22025652611290236
EID_14518,0.2156515047917476
EID_1070,0.13975600870187463
EID_19385,0.20442446469352116
EID_20032,0.16491482687747455
EID_11714,0.18978636745337207
EID_23636,0.13392642079238326
EID_1985,0.18223719354299264
EID_5627,0.17685970956587957
EID_15171,0.17001136403961692
EID_8811,0.18076525900718327
EID_2163,0.20030913444157267
EID_8459,0.14312600829780175
EID_18138,0.22630456887196798
EID_17518,0.1720259120861088
EID_17432,0.1655211289659288
EID_25686,0.16519415765710727
EID_2470,0.22430257554074035
EID_16311,0.1777402666113438
EID_6903,0.19625835613387924
EID_11990,0.17417717552997405
EID_23460,0.18158571033742185
EID_25924,0.2219036241845571
EID_13985,0.19341300109884096
EID_5455,0.19351756903836315
EID_13427,0.19169159718362544
EID_24855,0.18508181520730438
EID_15532,0.25177558207175643
EID_8953,0.1909389722766597
EID_22683,0.17441749992332112
EID_22493,0.17432378772719131
EID_1451,0.198583635730502
EID_20796,0.2000160753206742
EID_17281,0.1817471261270737
EID_7767,0.23070823281884334
EID_20838,0.16436688536251892
EID_17235,0.20047938205006666
EID_21615,0.19832902170565758
EID_6972,0.17843768756354483
EID_13930,0.1940518496820201
EID_4188,0.1967563430945152
EID_11277,0.1718158412116211
EID_18053,0.17776347042628707
EID_11288,0.2063008410090712
EID_1148,0.1851645060765209
EID_19216,0.16377587786756215
EID_7660,0.1640288077952603
EID_22805,0.21234213514930073
EID_11931,0.1970484240179652
EID_16921,0.17916496962771478
EID_4993,0.1892255176031879
EID_18070,0.16745448062747245
EID_15648,0.1853157080726985
EID_11404,0.21440020466593465
EID_14248,0.1879394859442422
EID_15424,0.1952787708684289
EID_8039,0.1508763517184064
EID_7094,0.15507313168253933
EID_13161,0.1897029609141881
EID_9293,0.17667858230046238
EID_4351,0.25389776856429314
EID_17259,0.16525829717231397
EID_2681,0.1808778885961188
EID_22123,0.18206025867052816
EID_8528,0.14846460470251296
EID_11798,0.2051243003073665
EID_20265,0.1782920510515278
EID_21396,0.1780141664941108
EID_12220,0.17235383302111457
EID_25722,0.20351458793849297
EID_21719,0.18734403842141778
EID_3506,0.1683038808751357
EID_2139,0.2512767722144589
EID_6562,0.16600575353722485
EID_4353,0.14610292235931346
EID_24392,0.18699743858272022
EID_11238,0.17287743004862086
EID_20617,0.18434880820245164
EID_21473,0.20827959456106165
EID_16837,0.18749524556698555
EID_1800,0.1755616321398426
EID_25849,0.2022029548434049
EID_9395,0.238545901029651
EID_2415,0.19653316345325417
EID_9286,0.169461764507567
EID_5081,0.1940134880153552
EID_22546,0.18609181245244227
EID_11932,0.19193797605122004
EID_16292,0.1646373422994148
EID_17882,0.21671808227474512
EID_20889,0.18123028493275894
EID_10031,0.14514478291786054
EID_21576,0.20592048586007358
EID_8256,0.1727584991884877
EID_2614,0.18993173029516225
EID_2098,0.14120704926488953
EID_10242,0.20707236911902355
EID_21993,0.17002205959820477
EID_22664,0.19014088555345368
EID_1919,0.16208843026657707
EID_11629,0.20212895072962467
EID_6840,0.21758663979521975
EID_25493,0.19061514933987023
EID_14968,0.1616591059163498
EID_25313,0.1584936099374496
EID_8035,0.18605826001336728
EID_8969,0.16327359034283176
EID_15223,0.19097114881819327
EID_6266,0.17152205117395744
EID_8184,0.17971084916872765
EID_19480,0.19765582633490972
EID_19076,0.23326571392746603
EID_16339,0.19098209904497118
EID_7963,0.18957681252756198
EID_17427,0.18365490664100667
EID_12641,0.17255225353878204
EID_4122,0.1964833658298379
EID_23659,0.25801300818465644
EID_13486,0.20544981182807567
EID_18423,0.18770735023605706
EID_2181,0.18446308791982838
EID_25490,0.17581711748133058
EID_9211,0.15483757141605306
EID_5237,0.18216944022431536
EID_2418,0.15204296344297777
EID_17716,0.21885378932605132
EID_13837,0.20172431168746055
EID_2840,0.1764098865638944
EID_13004,0.22247780250503144
EID_14429,0.19814497508957782
EID_18915,0.2423283528286798
EID_22415,0.18989640239797767
EID_4304,0.18489147296318473
EID_10753,0.18503490810343745
EID_22612,0.18809927576326935
EID_1857,0.2268921118933407
EID_3566,0.18294991439595576
EID_8545,0.23465440004915933
EID_21685,0.19241251158301434
EID_9946,0.20811517646025746
EID_20447,0.18006494891014518
EID_3887,0.20007624605300534
EID_8351,0.19572381988102444
EID_23889,0.23013736264396534
EID_8248,0.16083799981870092
EID_16621,0.23366824734477942
EID_25138,0.18884720164898472
EID_10004,0.23337942747138501
EID_5522,0.22024122614462086
EID_23416,0.16746022028354135
EID_14897,0.20562669957339325
EID_10840,0.18171426908131355
EID_21716,0.22467074570039058
EID_18484,0.17971571563893118
EID_7402,0.2007542834426851
EID_24854,0.17802193595582663
EID_1610,0.19730653547008842
EID_17592,0.1702586291161061
EID_22128,0.1882987801070677
EID_17304,0.20408302254239444
EID_1508,0.19342195734207193
EID_20492,0.15996487202609638
EID_2324,0.19877032136944217
EID_17093,0.17568071155444653
EID_23356,0.19655397230272453
EID_17895,0.21981332621880967
EID_8186,0.1827743633645899
EID_19358,0.20554808606100206
EID_6030,0.22810457480401897
EID_17457,0.18534058320311333
EID_14976,0.19287633680517213
EID_8914,0.17709055358723214
EID_5721,0.15682841148759832
EID_11266,0.22843800420419194
EID_17012,0.19955987075424486
EID_7554,0.17809751963974452
EID_3087,0.23168915292754777
EID_19716,0.15765904276892884
EID_21723,0.22462840313295263
EID_13072,0.24118486316458268
EID_9776,0.15986081229225746
EID_25927,0.1940601961908442
EID_5593,0.180231987031919
EID_13954,0.19197182468907784
EID_16034,0.18825822199611877
EID_1719,0.16890599162537434
EID_23054,0.2557429334133977
EID_15591,0.19362102895475597
EID_5178,0.1623880740365481
EID_24346,0.21175154318746242
EID_21264,0.2174836023975643
EID_3292,0.1746468390097162
EID_14975,0.21504411376392052
EID_9165,0.1679344716960116
EID_23369,0.18048778257778722
EID_18767,0.18226881908053483
EID_10153,0.1811373103463779
EID_2542,0.15604185276956634
EID_23826,0.22157429510933205
EID_20391,0.1925375200151037
EID_8633,0.17000420605262323
EID_5875,0.19771192898232887
EID_12699,0.20095317468552087
EID_12982,0.1785462901660306
EID_16392,0.12345269644153292
EID_8185,0.18654108943601888
EID_15462,0.19872355465439567
EID_4853,0.2586387668081878
EID_17622,0.21401839442123086
EID_23074,0.21867899966928322
EID_6390,0.19367389151390213
EID_24539,0.18684005934687795
EID_12963,0.17353583790823504
EID_8649,0.19403952799145166
EID_11810,0.2087706759193678
EID_3598,0.2249807585453814
EID_13511,0.19683444452484192
EID_16014,0.20504159095792057
EID_24791,0.19768275876393865
EID_3417,0.1748666553567526
EID_24668,0.17405326523683276
EID_4508,0.17741078890993994
EID_25150,0.18653968593924686
EID_25934,0.13016492483229503
EID_6308,0.20418195019679705
EID_10508,0.2141287878717479
EID_18724,0.1861404388064009
EID_10536,0.17300916546021605
EID_18738,0.16631570943008986
EID_15949,0.16638670831993332
EID_20722,0.18455752756732724
EID_14963,0.16922870395891368
EID_6682,0.1692581583727591
EID_8365,0.17367531479779172
EID_17999,0.23097249198434416
EID_24499,0.17964952001845783
EID_20389,0.18819255411689514
EID_12123,0.2712493468381091
EID_19203,0.17723447591032057
EID_3538,0.19289897147251844
EID_19811,0.23183847219862624
EID_11473,0.17685606974767826
EID_3032,0.14575750419068256
EID_8419,0.1522602748413839
EID_9052,0.19285858688319502
EID_15837,0.19614238206754714
EID_6644,0.17337780885879256
EID_16894,0.16630396269079523
EID_10552,0.14177493479449887
EID_14750,0.21869647050218033
EID_16659,0.17980386209958804
EID_4472,0.1402282910048933
EID_4076,0.19821697964244292
EID_5163,0.16127523281465833
EID_25923,0.16995926640071046
EID_24806,0.17992422905198707
EID_3742,0.17704930145036876
EID_19722,0.18883570361876
EID_18033,0.17504915437810195
EID_16718,0.1970685023682821
EID_13182,0.25167923652021873
EID_23021,0.20037697105916955
EID_20329,0.20159683014881555
EID_8770,0.15304701015385766
EID_11234,0.19254450329639405
EID_18881,0.17377526993343
EID_1365,0.26052275339816716
EID_19318,0.22314209630043103
EID_19343,0.18809047155026862
EID_4435,0.19191883910077906
EID_22102,0.21275029155385916
EID_24095,0.17234580834904625
EID_9897,0.2258426007304739
EID_21635,0.17781204684433996
EID_16514,0.2402635265085174
EID_1997,0.18621529674785775
EID_10324,0.2132969531636788
EID_6487,0.25006462215687963
EID_21197,0.17435729803281766
EID_19082,0.21392719388207992
EID_17562,0.16801545167191256
EID_8738,0.18830007794231907
EID_13687,0.22563617648981255
EID_19572,0.18079663610402127
EID_24909,0.15687186110135676
EID_21814,0.1523101891975668
EID_12083,0.18225071276274024
EID_25919,0.21752067463980865
EID_19140,0.13889144938367148
EID_23924,0.19164746066969013
EID_1208,0.17280589499733925
EID_18170,0.22447233119115134
EID_18699,0.1704025976603639
EID_1318,0.13596473436946022
EID_14941,0.19453953084077202
EID_6540,0.19901999972501946
EID_20936,0.19805619351960502
EID_9705,0.21947721934740638
EID_24181,0.18393185278304847
EID_22138,0.2155582495576536
EID_23044,0.23794847816409587
EID_9038,0.21682186800280479
EID_3247,0.19719489485951675
EID_19630,0.21380157426010993
EID_8655,0.19281808383442162
EID_10423,0.20090780536890146
EID_3946,0.2030966392796068
EID_16512,0.22275978482431041
EID_12473,0.21911595493144423
EID_11571,0.17916878231797795
EID_14381,0.18364286627872345
EID_12675,0.24924439669075382
EID_1930,0.18337649382476762
EID_20155,0.17361621098835095
EID_22902,0.18529066442418385
EID_24145,0.179217640686904
EID_5342,0.18993215017631904
EID_8334,0.197325215899256
EID_25708,0.14264457898332356
EID_19991,0.1898413805015062
EID_5499,0.22501880723001605
EID_5953,0.1708949862247827
EID_7444,0.21167872670287036
EID_6218,0.20485487049916506
EID_12891,0.19332096305790752
EID_16456,0.20108472286445594
EID_20256,0.22436423441145892
EID_9959,0.21558260333050794
EID_8845,0.16012883963221614
EID_1662,0.13407969440938675
EID_8739,0.19162480361593023
EID_20695,0.18090978901489008
EID_19446,0.19406615195329066
EID_12441,0.20961787980934632
EID_13066,0.22700506847127006
EID_8911,0.20934953178487423
EID_22200,0.18015130328113832
EID_9689,0.18034434307420094
EID_1668,0.190190895816722
EID_8120,0.1927893674409647
EID_22777,0.17917440042828625
EID_19141,0.20823021565714628
EID_22674,0.19344928641573678
EID_16121,0.17833586737785162
EID_14662,0.21993555916115823
EID_23290,0.16819036971819934
EID_20144,0.19457227976222558
EID_23052,0.20661254112338026
EID_25575,0.18146219878015918
EID_23724,0.16848171616474672
EID_14759,0.18077709342249984
EID_25209,0.17007551145111585
EID_17753,0.21652247868723923
EID_4693,0.24106248430272234
EID_17284,0.20439257413197504
EID_9131,0.19180612218390392
EID_24625,0.18139247213961704
EID_24912,0.196220817558866
EID_19612,0.17763460669365563
EID_9147,0.17585107650386977
EID_6891,0.17506962924525568
EID_10639,0.17945005998751412
EID_5880,0.16904442201050904
EID_22547,0.2186997444042446
EID_10066,0.1599937751057045
EID_7126,0.15111641671155643
EID_4929,0.1954784307275026
EID_24750,0.21422347520637453
